3abi-B,HMKVLILGAGNIGRAIAWDLKDEFDVYIGDVNNENLEKVKEFATPLKVDASNFDKLVEVMKEFELVIGALPGFLGFKSIKAAIKSKVDMVDVSFMPENPLELRDEAEKAQVTIVFDAGFAPGLSNILMGRIFQELDLKEGYIYVGGLPKDPKPPLYYKPRDLIEEYTRPARVIRNGKVSKVDPLSEVKKVKIGKFEFEAFISDGLRSMLETINSERLEEWTLRWPGHLEKIKVLRELGFFKPENLDFTLRVIEPLMRYETKDFSIMKVVGKGEEGEMEFFLYDEEDSMFSSMSRVTGFTAAIISRIVAENTCTFGVIPPEILGMREDTFRRIIDELKERGISIEG
5bmn-A,MTLPAFKAYDIRGRVPDELNEDLARRIGVALAAQLDQGPVVLGHDVRLASPALQEALSAGLRASGRDVIDIGLCGTEEVYFQTDYLKAAGGVMVTAHNPMDYNGMKLVREQARPISSDTGLFAIRDTVAADTAAPGEPTASEQSRTDKTAYLEHLLSYVDRSTLKPLKLVVNAGNGGAGLIVDLLAPHLPFEFVRVFHEPDGNFPNGIPNPLLPENRDATAKAVKDNGADFGIAWDGDFDRCFFFDHTGRFIEGYYLVGLLAQAILAKQPGGKVVHDPRLTWNTVEQVEEAGGIPVLCKSGHAFIKEKMRSENAVYGGEMSAHHYFREFAYADSGMIPWLLIAELVSQSGRSLADLVEARMQKFPCSGEINFKVADAKASVARVMEHYASLSPELDYTDGISADFGQWRFNLRSSNTEPLLRLNVETRGDAALLETRTQEISNLLRG
5ab4-B,SQVVRIVGVGRTGIGKLHKSVDELAASALKCALVDANMKQCDLQALIAVPSLASPQFMQAHHIATVAGLFPTKGKFIVRTVDTGGAGPITALGMAVDLVRTRCAETVAVIAADAVLSMGSGAFAERSNASLRRSGLPEPCIPHGYDRYAQWYMSRYGLKREQLAMVPVLMSKMAERHPEAMCQKAYTLDEVLHSRCVAPVTNLLECARRADGAVALIVSGEAHYAEHFAHLGGSKPIIASVAEASGPLFPPGSSDDIVPDIFSCRHAARDAFLSANLNVGDIHFFGLYDCFPICLIQAVEAVGLCPEGKGGEFMETAYNEMLNNGGVLDPSKFPINTHGGLQCFGAPWEVPAMYNITEAIAQLSEEAGDRQLTPVPKRALVYGNGGIFSASSVAILISDL
3cs5-A,VEQQFDLQKYRQQVRDISREDLEDLFIEVVRQKMAHENIFKGMIRQGS
2j1v-A,KFNDGNLNIAYAKPTTQSSVDYNGDPNRAVDGNRNGNFNSGSVTHTRADNPSWWEVDLKKMDKVGLVKIYNRTDAETQRLSNFDVILYDNNRNEVAKKHVNNLSGESVSLDFKEKGARYIKVKLLTSGVPLSLAEVEVFRE
3ge3-A,AMHPRKDWYELTRATNWTPSYVTEEQLFPERMSGHMGIPLEKWESYDEPYKTSYPEYVSIQREKDAGAYSVKAALERAKIYENSDPGWISTLKSHYGAIAVGEYAAVTGEGRMARFSKAPGNRNMATFGMMDELRHGQLQLFFPHEYCKKDRQFDWAWRAYHSNEWAAIAAKHFFDDIITGRDAISVAIMLTFSFETGFANMQFLGLAADAAEAGDYTFANLISSIQTDESRHAQQGGPALQLLIENGKREEAQKKVDMAIWRAWRLFAVLTGPVMDYYTPLEDRSQSFKEFMYEWIIGQFERSLIDLGLDKPWYWDLFLKDIDELHHSYHMGVWYWRTTAWWNPAAGVTPEERDWLEEKYPGWNKRWGRCWDVITENVLNDRMDLVSPETLPSVCNMSQIPLVGVPGDDWNIEVFSLEHNGRLYHFGSEVDRWVFQQDPVQYQNHMNIVDRFLAGQIQPMTLEGALKYMGFQSIEEMGKDAHDFAWADKC
3hrq-B,EIKTTTTLHRVVEETTKPLGATLVVETDISRKDVNGLARGHLVDGIPLCTPSFYADIAMQVGQYSMQRLRAGGLVDVSDMVVDKALVPHGKGPQLLRTTLTMEWPPKAAATTRSAKVKFATYFADLDTEHASCTVRFTSDAQLKSLRRSVSEYKTHIRQLHDGHAKGQFMRYNRKTGYKLMSSMARFNPDYMLLDYLVLNEAENEAASGVDFSLGSSEGTFAAHPAHVDAITQVAGFAMNANDNVDIEKQVYVNHGWDSFQIYQPLDNSKSYQVYTKMGQNDLVHGDVVVLDGEQIVAFFRGLTLRSVPRGALRVVLQT
3ju7-B,ENIPFLRASTVPVIEYLDELKEIDASHIYTNYGPINQRFEQTISGFFQNRGAVTTVANATLGLAAIQLKKRKKGKYALPSFTFPATPLAAIWCGLEPYFIDISIDDWYDKTVLWDKIEELKEEVAIVVPYATFGSWNLEEYEELEKKGVPVVVDAAPGFGLNGGHYGQDFSGIIYSFHATPFGIGEGGLIYSKNEEDIQRIKRGNFGFDTNRECTGFNCKSEYAAAIGIATKKWDDKLKERTRISEWYKQLLQSNGLKKGWQLQKTEAVIQQFPILCPEEVRNKQVIEDLKKQKIEARLYFSPSCHQQVLFRNYKSTDLTRTNKIAKRIVSLPLWEGTKEIVEQIVICLGQ
5fmd-A,CSLDQTVAPGNLTLCGNATLFTTFRPKARFIAPEGWMNAPMGLYQRADGSIHAGYQSHPKHIQWGNISQGAAYSSDFTSWTDFNGSEGYKTIWPSQIYDIRGVFDGSIIKEGIDGYPTILYTSTSFGPLGATLNEAEGTETQSLAYTTDDGASWIKLGYGAGQNPVIYEWPETNLTGFRDPYVFQSPRLEALLANTTSITNATGDHFATISGGVHGDGARLFLYRQHTTGEFIKWTYLGPLVTTGYKESYGEWSGNYGINFETAGVTRLNPAGAAWDNGSDTTAVDFVTFGTEQGRADHQNHWPLWAAVDYEVRDNGSIEAVIAYSGVQDWGRSYAYASFPVEGYRQVSVGWIYEDDDNVILAKQFGYQGAFTLFRDLFVKVVENVSPSTPGLFEQASWSTKNSTDGMSVTVTTLGQRVVPETLAAYKGNSTVSTLAPVMLNESAAAYTPFSSQPTDRFYALTGSFEFGLNTTAKAGFRVLASEEEYTDIWFDPASENLTVVRTASSLIKSFGNDTELAKVKLYEIVGAESKTLNLTVFVDGSVIEIYANDEVALSTRAYPWLANSTGAGLLADGTTAGDVVGVSGLELWDGLVDAWPARPANTSQGLVWDGPTAAMYGLFAGY
4zmh-B,GYISFKANGGVRLADEEHLASLLVDTNDYKGLQRAAADLQTDQRVTGKLPTLHSQLKDAGRHAVIIGSVGRSGLIQLLVEQNKLNVADIEGQWEAYKLVVVDKPFPNIEKALVIAGSDRGAIFGVYDLSQQIGVSPWYWWADVPVQPQSKLYVRGDTHIVEQPKVQYRGIFLNDEAPALTNWVHANYGNYNSQFYTQVFELLLRLKANFLWPAWNNSFSVDDPLNPVLANEYGIVSTSHHEPRAHKEWHGGRWDFTTNADALKQFWREGVERNSPYENIITARGDGSEDANVELLEQIVEAQRNIIAEVFEPKGKQVTEVPQVWCLYKEVQDYYEKGRVPDDITLLWADDNWGNIRRLPTAEERKRSGGAGVYYHFDYVGGPRSYRWINTTPLAKIWEQHLAYKYEANKIWIVNVGDLKPEAPIEYFLEAWNPEQWPKERITQFAELWAEREFGPTYAKEIAQLVQDYTQHNGRRKPELQEAKTYSLLNYDEAARIEQQLTDESRAETLFNKIPANQRDAYYQLVHPVLASATVTKYIAQARNRLYAKQGRPIANSYGQQVKELFEKDAALTKRYHSINNGKWNHFSQPHIGYTHWNNPEDNIPVVSVVSKGNNADGVAVEGEPAWPTQDVAFALPTFTPYGKQTKILTVFNKGVKPLKFSVSSGAAWLKVSASSGEITHQEQIQVSIDWAKLPLGIHESNVTIKGPSWVAANIKVTANKPAKVIPLKKLTGFVEADGYISFDAAATTHSKAVDGFEWQEIPAHGRTHSSSVYPIRDASFAAPANASANTAPQHYSITLLTAGEVTVEGLFAPTWPIHPERGLRYAIAFDDQPPQIVDVLAGNSHKVWQESVRTGVRRASSKHTLTAGTHTKVWAIDPAVTVQKWIIDTGELKPSYLGPTPSPRGGK
5a67-A,GAMEVEVKLRLLTAAAHLRLTTLLTPYHLKTLHQRNTFFDTPKNDLSLRRAVLRLRFLQNAPSPPRCIVSLKAKPTLANGISRVEEDEEEIEYWIGKECVESPAKLSDIGSRVLKRVKEEYGFNDFLGFVCLGGFENVRNVYEWRGVKLEVDETKYDFGNCYEIECETEEPERVKTMIEEFLTEEKIEFSNSDMTKFAVFRSGKLP
2d7v-B,SEHSAIVTWKRKDSEAFTDNQYSRAHTWEFDGGSKILASASPHVVPVPLSVEANVDPEEAFVAALSSCHLVFLSIAAKQRYLVESYTDNAVGILGKNSKGKTSVTKVVLRPQVVFSGTSKPTLQQLEKHHLAHENCFIANSVETEVVTEII
4rh8-D,QVPSTMKVMILDSGDPNGPLSRAVRNQLRLNGVELLDKETTRKDVPSLRLGKVSIAKDTASVFRNGQTAEYQMIMTVNATVLIPGRDIYPISAKVFRSFFDEQDMIVKEMYDRAAEQLIRKLPSIRAADIRSD
2bcx-B,KSKKAVWHKLLSKQRRRAVVACFRMTP
4n0t-A,RNRELTTVLVKNLPKSYNQNKVYKYFKHCGPIIHVDVADSLKKNFRFARIEFARYDGALAAITKTHKVVGQNEIIVSHLTECTLWMTNFPPSYTQRNIRDLLQDINVVALSIRLPSLRFNTSRRFAYIDVTSKEDARYCVEKLNGLKIEGYTLVTKVSNPLEKSKRTDSATLEGREIMIRNLSTELLDENLLRESFEGFGSIEKINIPAGQKEHSFNNCCAFMVFENKDSAERALQMNRSLLGNREISVSLADKKPFLERNEVKRLLASRNSKELETLICLFPLSDKVSPSLICQFLQEEIHINEKDIRKILLVSDFNGAIIIFRDSKFAAKMLMILNGSQFQGKVIRSGTINDMKRYYNNQQ
4ihz-A,AILTGVPYYILPSTSRAGFSPDNLRKNTSQPSCPLDLITQLRFPPRIGVPVIFTPQNSSLKVVPLSHNLNIHTSDLWFCPESKIWTVKSSSIHRGLVVTTGGTFRSLGSWFRIERHGDSYKLVHCPRGSTPCRDVGIETVGGGGRRYLAPRDRPLAVRFTRAS
1t0f-B,SFSEVQIARRIKEGRGQGHGKDYIPWLTVQEVPSSGRSHRIYSHKTGRVHHLLSDLELAVFLSLEWESSVLDIREQFPLLPSDTRQIAIDSGIKHPVIRGVDQVMSTDFLVDCKDGPFEQFAIQVKPAAALQDERTLEKLELERRYWQQKQIPWFIFTDKEINPVVKENIEWLYSVKTEEVSAELLAQLSPLAHILQEKGDENIINVCKQVDIAYDLELGKTLSEIRALTANGFIKFNIYKSFRANKCADLCISQVVNMEEL
5brk-B,SPQAFKFFMEQHVENVLKSHQQRLHRKKQLENEMMRVGLSQDAQDQMRKMLCQKESNYIRLKRA
2grr-B,PADVSTFLAFPSPEKLLRLGPKSSVLIAQQTDTSDPEKVVSAFLKVSSVFKDEATVRMAVQDAVDALMQKAFNSSSFNSNTFLTRLLVHMGLLKSEDKVKAIANLYGPLMALNHMVQQDYFPKALAPLLLAFVTKPNSALESCSFARHSLLQTLYKV
1t0p-B,QEFLLRVEPQNPVLSAGGSLFVNCSTDCPSSEKIALETSLSKELVASGMGWAAFNLSNVTGNSRILCSVYCNGSQITGSSNITVYG
2o0j-A,MEQPINVLNDFHPLNEAGKILIKHPSLAERKDEDGIHWIKSQWDGKWYPEKFSDYLRLHKIVKIPNNSDKPELFQTYKDKNNKRSRYMGLPNLKRANIKTQWTREMVEEWKKCRDDIVYFAETYCAITHIDYGVIKVQLRDYQRDMLKIMSSKRMTVCNLSRQLGKTTVVAIFLAHFVCFNKDKAVGILAHKGSMSAEVLDRTKQAIELLPDFLQPGIVEWNKGSIELDNGSSIGAYASSPDAVRGNSFAMIYIEDCAFIPNFHDSWLAIQPVISSGRRSKIIITTTPNGLNHFYDIWTAAVEGKSGFEPYTAIWNSVKERLYNDEDIFDDGWQWSIQTINGSSLAQFRQEHTAAFEGTS
3kkg-A,GQDRSPIETQNVETVLRLFDEGWGAQDGWRDVWRETTPGFRSIFHSNQAVEGIEQAIAFNAVLFEGFPRLEVVVENVTVEGDNVVVQARLTGAQDGPFLGVPPSGQVDVPDVTLFTLADGQVIERYFTDLLAVTAISAPP
2qp2-A,KSLEQENSERDVEIRDRNYFRKLSLFDDTVIAGAEMIGTSYDVFGKYCNVGSCMNSLFDERKINASEDNFKKVTILGKTLKVPYYIDCYSVGDLKYTNASGESIESYQSNISSKSRIKGNYLFFSASLKVDFDTDSLTDFENAFSRIQYTYDLYILKSSAEALKEFLKESVKTALDKADTEEDMNDLFNTWGSHFLSGVVMGGCAQYSSSTNKYTSNLTNSFDVVAAASFAGFIGLSARTGNSFMEDIKKFRSASNIKTHAIGGDLSRFDPFGGATSADQPSAEEIAAAKKAFEDWKASVPNAPELVNFADSNPLTGIWELCSDRTQKAKLKKHFETVWAPAESAKRRVHADYIDEIIIGINNTNTPPEGYIGLKSTKDENLNSKGNICLFMHKAKYDPNIDNKDCITELKFITVRDKSPEGDWVKIPQDIYISPNQYLYLCYLPAKYSAEKAIKDIQLLCSSMILPYGYNDVLDERGERANATEDDNVHYLIYSAGW
1p57-A,PLYPVQVSSADARLMVFDKTEGTWRLLCSSRSNARVAGLSCEEMGFLRALTHSELDVRTAGAAGTSGFFCVDEGRLPHTQRLLEVISVCDCPRGRFLAAICQDCGRRKLP
2w2x-C,KQQGELYMWDSIDQKWTRHFCAIADAKLSFSDDIEQTMEEDNPLGSLCRGILDLNTYNVVKAPQGKNQKSFVFILEPKQQGDPPVEFATDRVEELFEWFQSIREITWKI
5t2p-B,MDIDPYKEFGATVELLSFLPSDFFPSVRDLLDTAAALYRDALESPEHCSPHHTALRQAILCWGDLMTLATWVGTNLEDPASRDLVVSYVNTNVGLKFRQLLWFHISCLTFGRETVLEYLVSFGVWIRTPPAARPPNAPILSTLPETTVVENLYFQ
4dhx-A,LVLSELSQGLAVELMERVMMEFVRETCSQELKNAVETDQRVRVARCCEDVCAHLVDLFLVEEIFQTAKETLQ
3fkj-A,ENLYFQGSVAHENARRIISDILGKQNIERVWFVGCGGSLTGFWPGKYFLDCEASKLAVGYITSNEFVHATPKALGKNSVVILASQQGNTAETVAAARVAREKGAATIGLVYQPDTPLCEYSDYIIEYQWARYPETVDPAQQKAAYSLWLALEILAQTEGYAQYDELVSAFGRFSDVVHGAQRQVQEDAQRFAAEWKDEKVVYGSGPSFGAAHQESICILLEQWINSASIHSGEYFHGPFEITEPGTPFILLQSSGRTRPLDDRAIRFIERYQGKLQLIDADKLGIQDLSTDVGEYFCGLLHNCVLDVYNLALATARNHPLTTRRYWKVEY
4bxi-A,NAIKLNGIENLKVREIKGLITAKILRAQEMNIPISIEIPDEVSSINLNMIDLSRSIGIILDNAIEASTEIDDPIIRVAFIESENSVTFIVMNKCADDIPRIHELFQESFSLGLSTLKEIADNADNVLLDTIIENGFFIQKVEIINN
1upt-F,EPTEFEYLRKVLFEYGRETKTAKVITTVLKFPDDQTQKILEREDARLSWLRS
4s36-A,SSETWRFDDGASLSYDWAAHRYRVELPSGTVEVRVGASEVRVSDGAVSLKAPKISLEGPVEIAGTLTVSGDILGGGSIIDTAGNSNHHTH
4zqa-A,SNAGTLQEYQKRMKKLDQQYRERIRNAELFLQLETEQVERNYIKEKKAAVKEFEDKKVELKENLIAELEEKKKMIENEKLTMELTG
5e50-A,GPLGSMSGGFELQPRDGGPRVALAPGETVIGRGPLLGITDKRVSRRHAILEVAGGQLRIKPIHTNPCFYQSSEKSQLLPLKPNLWCYLNPGDSFSMLVDKYIFRILSIPS
4e4r-A,SNAADLLNVLKDKLSGKNVKIVLPEGEDERVLTAATQLQATDYVTPIVLGDETKVQSLAQKLNLDISNIELINPATSELKAELVQSFVERRKGKTTEEQAQELLNNVNYFGTLVYAGKADGLVSGAAHSTGDTVRPALQIIKTKPGVSRTSGIFFIKGDEQYIFGDCAINPELDSQGLAEIAVESAKSALSFGDPKVALSFSTKGSAKSDDVTKVQEAVKLAQQKAEEEKLEAIIDGEFQFDAAIVPGVAEKKAPGAKLQGDANVFVFPSLEAGNIGYKIAQRLGGYDAVGPVLQGLNSPVNDLSRGCSIEDVYNLSFITAAQAL
5iw9-B,NKLYSDIDPEKDWNKDVSRSLGLRSIKNSLLGIITTRKGSRPFDPEFGCDLSDQLFENTPLTADTVERNIESAVRNYEPRIDKLAVNVIPVYDDYTLIVEIRFSVIDNPDDIEQIKLQLASS
4ktp-B,MHEIGEHLTTNTGWDIIKNRYEAAQAITEGSNFMIGNGFMGYRGTFAEDGKDAYAACIVTDTWDKADGKWEELSTVPNALLTLLHVDGEPFIMSEEAASFERTLDLSQGVTSRKVSQRMKNGATITIHEEKFASYRKKHAVLMKYTVESDQDTDAVLDTGIDYDVWSINGDHLQGHHYFSHPTGDGVTAKTVSYEDTVTVVETCSLDADASEEDYQNPDGSGRTFPLSLEAGKPVTLEKAMIIYSSNDVDNPQDEALLEAKHMQSYEEEKAANRLEWDNLWSHYDVTIQNNIIDQVALRFNIYHAIIATPVHKSLPIGARGLSCQAYQGAAFWDQEIYNMPMYLYSNPEIARNILKYRHRTLDGARRKAKRLGYEGAYYAWISGKTGDELCPDFFFKDVLSGRDIRNHFNDWQIHISPDIAYAVKKYHQVTGDDAFIRDYGAEMIFEIARFLASHAVYKPMRGRYEFMRVQGPDEYHENVDNNAFTNHQAMFTLQAADELLQTLDEKTLSAVKEKIGLSDDEISLWRDMLANTYVPKPDKHGIIEQFDGYYDLETIIPAKKVTERLIKEDEYYGYPNGVTVRTQCIKQADVIQLFVLHPHLYDRKTVELNYEFYEPRTLHFSSLSPSSYAIVAAQIDKVEEAYRNFRKSVMIDLLNTNEAVSGGTFIGGIHTAANGASWQMVVNGFGGLSVHGDDIHLSPRLPDAWDGYTFKAIVKGQTLEVDVTKEQITITNKSEDRKPLTLHIFGEKSVLDSERITKSR
2bjq-A,EFEDTWAYNTIGSPFPDNPVRVKGQQNMYVALWYKFGKPIHGRAWNDNGNVECSFPYNKVELTGARDLGGQIQILTATEQDPTEQFKKTGFWYEWRPYKDRVNDQLLQLVRCGQSTPVIMKTKDGKDLLGYIDMSTEVAAVGVSGKSEQVAGGPIQDMLVLFRNVKAPPKGIKIYDDTWLDLKYRDPFPAARNPIAAGGRKVKSDDGTEMFQYVALWYEHGQPVFGRAYPDSADKTLANFGWGGQENAGAEIGSFQMLVVPDPDILGFEYKWIPYKEAKAGGPFKPLHVGECTPCLLKDANGTERLGNLHMGMEKATAGLAGKDSAVSGPAVGDFLVLCR
3g1j-A,GVDRDYLQSEYGVLKAGQCYKVVRSFRDYRNINYERGDVRFLGSNFVPYESGLSLFFDKNGSERQILCVRPEFQEIAHHLDSYFCKL
1gxy-A,PLMLDTAPNAFDDQYEGCVNKMEEKAPLLLQEDFNMNAKLKVAWEEAKKRWNNIKPSRSYPKGFNDFHGTALVAYTGSIAVDFNRAVREFKENPGQFHYKAFHYYLTRALQLLSNGDCHSVYRGTKTRFHYTGAGSVRFGQFTSSSLSKKVAQSQEFFSDHGTLFIIKTCLGVYIKEFSFRPDQEEVLIPGYEVYQKVRTQGYNEIFLDSPKRKKSNYNCLYS
4fqn-D,LQDYMLTLRTKLSSQEIQQFAALLHEYRNGASIHEFCINLRQLYGDSRKFLLLGLRPFIPEKDSQHFENFLETIGVK
2oit-A,MGDEMDAMIPEREMKDFQFRALKKVRIFDSPEELPKERSSLLAVSNKYGLVFAGGASGLQIFPTKNLLIQNKPGDDPNKIVDKVQGLLVPMKFPIHHLALSCDNLTLSACMMSSEYGSIIAFFDVRTFSNEAKQQKRPFAYHKLLKDAGGMVIDMKWNPTVPSMVAVCLADGSIAVLQVTETVKVCATLPSTVAVTSVCWSPKGKQLAVGKQNGTVVQYLPTLQEKKVIPCPPFYESDHPVRVLDVLWIGTYVFAIVYAAADGTLETSPDVVMALLPKKEEKHPEIFVNFMEPCYGSCTERQHHYYLSYIEEWDLVLAASAASTEVSILARQSDQINWESWLLEDSSRAELPVTDKSDDSLPMGVVVDYTNQVEITISDEKTLPPAPVLMLLSTDGVLCPFYMINQNPGVKSLIKTPERLSLEGERQPKSPGST
3ljx-A,DRWNHKPLCDSLPTASRTAAAILNLAQREDVTAEALAQLIQTDPALTGRILRFANAPATRRPVASVIDAIDLVGLPAVRQFALSLSLREGRCEAFDYAAYWQKSLARAVALQSITAQASTVAPKEAFTLGLLADVGRLALATAWPEEYSECLRKADGEALIALERERFATDHDELTRLLTDWGFPQVFIDALQLSQQDEIRDEGRTGRFARQLALAQHIADHRLAALSPLLRAEARRCGLGDEDLARL
1hlv-A,MGPKRRQLTFREKSRIIQEVEENPDLRKGEIARRFNIPPSTLSTILKNKRAILASERKYGVASTCRKTNKLSPYDKLEGLLIAWFQQIRAAGLPVKGIILKEKALRIAEELGMDDFTASNGWLDRFRRRRS
4we2-A,RQKWEWKVGTGLNGFGNVLNDLTNGGTKLTITVTGNKPILLGRTKEAFATPVDGIPQIAFTDYEGASVKLRNTDGETNKGLAYFVLPMKNAEGTKVGSVKVNASYAGVFGKGGVTSADGELFSLFADGSRAIFYGGLTTTVSGAALTSGSAAAARTELFGSLSRNDILGQIQRVNANITSLVDVAGSYREDMEYTDGTVVSAAYALGIANGQTIEATFNQAVTTSTQWSAPLNVAITYYDNKQMTGDFNGSVDIGGSITA
5b5z-A,NVTLTAVKKAFPDALTNAELVAMVSKRLSQFGYHKYNTLLATSLCSDEVTRPLEQDFGEVYGKHFTMGGLAGFPFGGLTGFGAMAGAIPDGGSCLLIYGSHVGVSWEGKWGTVARRGREKGGACCGSAVAAAQAVTQAYQATPLDAQQGYVRDMLRPYAATLSEAEDVMVTLPVSVYDAQQKLVTRILDEGSNHIDGDGQIAVVGGIQINTPKEMSDFFVVRRFCIRDSSGNMVENFMPL
3jq0-A,WKNPDQFTAFNTGLHALLREKSYNFFLLGEPRADIYGDNPIGGEASQGERLPFNTINKENVGISNYGDYKIINQINQIAKTTETTILTEATQNYYLGEAYGRAYLYFHLLRSWGDVVLYLDYTEKGVSPATEVEQIKKDIQASENAFGSDYSFKLGRHFWSAAATQLKGEAYLWSGRQNGGNSDYTIAKNAFENVKKADVGLVTSSFKDIFSFENKKNKEIFTIHNGKDEYEWGGYYRRLIPAQDKVKIYCDENGNSFVGTPDAQLNGLTQLQVRREFYFKGFRNNDTRWTTSLKAVYKKDAQGVVSYFGPITYKFQGTLEGGSTRSFLDDFPIYRYADCLLQLAAKVLLGEDPTEEINAVRERAYGSKYFNEHKAEIAYPNDNDPEFYTDNKWKPDNAGALEAILKERLREFFEGKRWYDIRLLGWDYVHQYSSAEQSRLLWPIDAGTLTNNSALKQTPGYE
5l0v-A,SKWKVFIDQINRSLENYEPCSSQNCSCYHGVIEEDLTPFRGGISRKMMAEVVRRKLGTHYQITKNRLYRENDCMFPSRCSGVEHFILEVIGRLPDMEMVINVRDYPQVPKWMEPAIPVFSFSKTSEYHDIMYPAWTFWEGGPAVWPIYPTGLGRWDLFREDLVRSAAQWPWKKKNSTAYFRGSRTSPERDPLILLSRKNPKLVDAEYTKNQAWKSMKDTLGKPAAKDVHLVDHCKYKYLFNFRGVAASFRFKHLFLCGSLVFHVGDEWLEFFYPQLKPWVHYIPVKTDLSNVQELLQFVKANDDVAQEIAERGSQFIRNHLQMDDITCYWENLLSEYSKFLSYNVTRRKGYDQIIP
3ppm-B,GRQKARGAATRARQKQRASLETMDKAVQRFRLQNPDLDSEALLTLPLLQLVQKLQSGELSPEAVFFTYLGKAWEVNKGTNCVTSYLTDCETQLSQAPRQGLLYGVPVSLKECFSYKGHDSTLGLSLNEGMPSESDCVVVQVLKLQGAVPFVHTNVPQSMFSYDCSNPLFGQTMNPWKSSKSPGGSSGGEGALIGSGGSPLGLGTDIGGSIRFPSAFCGICGLKPTGNRLSKSGLKGCVYGQTAVQLSLGPMARDVESLALCLKALLCEHLFTLDPTVPPLPFREEVYRSSRPLRVGYYETDNYTMPSPAMRRALIETKQRLEAAGHTLIPFLPNNIPYALEVLSTGGLFSDGGRSFLQNFKGDFVDPCLGDLILILRLPSWFKRLLSLLLKPLFPRLAAFLNNMRPRSAEKLWKLQHEIEMYRQSVIAQWKAMNLDVLLTPMLGPALDLNTPGRATGAVSYTMLYNCLDFPAGVVPVTTVTAEDDAQMELYKGYFGDIWDIILKKAMKNSVGLPVAVQCVALPWQEELCLRFMREVEQLMTPQKQ
5l87-A,SEREKRVSNAVEFLLDSRVRRTPTSSKVHFLKSKGLSAEEICEAFTKVGQPKTLNEIKRILS
3tdn-B,SQAVVVAIDAKRVDGEFMVFTYSGKKNTGILLRDWVVEVEKRGAGEILLTSIDRDGTKSGYDTEMIRFVRPLTTLPIIASGGAGKMEHFLEAFLRGADKVSINTAAVENPSLITQIAQTFGSQAVVVAIDAKRVDGEFMVFTYSGKKNTGILLRDWVVEVEKRGAGEILLTSISGYDTEMIRFVRPLTTLPIIASGGAGKMEHFLEAFLRGADKVSINTAAVENPSLITQIAQTFG
1jr2-B,MKVLLLKDAKEDDCGQDPYIRELGLYGLEATLIPVLSFEFLSLPSFSEKLSHPEDYGGLIFTSPRAVEAAELCLEQNNKTEVWERSLKEKWNAKSVYVVGNATASLVSKIGLDTEGETCGNAEKLAEYICSRESSALPLLFPCGNLKREILPKALKDKGIAMESITVYQTVAHPGIQGNLNSYYSQQGVPASITFFSPSGLTYSLKHIQELSGDNIDQIKFAAIGPTTARALAAQGLPVSCTAESPTPQALATGIRKALQ
3aqe-D,NYETAVQFCWNHYKDQDPIEKDWCDWAISRPYSTLRDCLEHFAELFDLGFPNPLAERIIFETHQIHFANCSL
1ezj-A,ENTSSMKEMATLLTSLGVIQSAQEFESSRDASYVFARRALKSANYAEMTFNVCGLILSAEKSSARKVDENKQLLKQIQESVESFRDIYKRFSEYQKEQNSLLMSNLSTLHIITD
2nx9-A,AIKRVGVTDVVLRDAHQSLFATRLRIDDMLPIAQQLDQIGYWSLECWGGATFDSCIRFLGEDPWQRLRLLKQAMPNTPLQMLLRGQNLLGYRHYADDVVDTFVERAVKNGMDVFRVFDAMNDVRNMQQALQAVKKMGAHAQGTLCYTTSPVHNLQTWVDVAQQLAELGVDSIALKDMAGILTPYAAEELVSTLKKQVDVELHLHCHSTAGLADMTLLKAIEAGVDRVDTAISSMSGTYGHPATESLVATLQGTGYDTGLDIAKLEQIAAYFRDVRKKYHAFEGMMKGSDARILVAQVPGGMLTNMESQLKQQNALDKLDLVLEEIPRVREELGFLPLVTPTSQIVGTQAVINVVLGERYKTITKETSGVLKGEYGKTPAPVNTELQARVLAGAEAITCRPADLIAAEMPTLQDRVLQQAKEQHITLAENAIDDVLTIALFDQVGWKFLANR
1ylo-D,ADLSLLKALSEADAIASSEQEVRQILLEEAARLQKEVRFDGLGSVLIRLNESTGPKVICAHDEVGFVRSISREGAIDVLPVGNVRAARQLQPVRITTREECKIPGLLDGDRQGNDVSARVDIGARTYDEVQAGIRPGDRVTFDTTFQVLPHQRVGKAFDDRLSCYLLVTLLRELHDAELPAEVWLVASSSEEVGLRGGQTATRAVSPDVAIVLDTACWAKNFDYGAANHRQIGNGPLVLSDKSLIAPPKLTAWIETVAAEIGVPLQADFSNGGTDGGAVHLTGTGVPTLVGPATRHGHCAASIADCRDILQEQLLSALIQRLTRETVVQLTDFR
4cih-C,RPKLSTKDLALIKADLAEFEARELSSEKILKDTIKEESWSDLDFANDNINQIGTKRYQQEILSIDAIKRSSEASADTEAFKKIFKEWSEFKIERIQVTIDLLNGKKDSEAVFKKTYPNQIIFDDVRTNKLQTALNNLKVGYELLD
3t4r-A,RIRHEKEKLLADLDWEIGEIAQYTPLIVDFLVPDDILAAADGLTPELKEKIQNEIIENHIALALEEYSSL
2xts-A,GTPDPLITEIQPWASEFGEAVDAHPYGLPIHFESHVKRQYVEWLTESPVSSINFTPIHALEGTITPQGCAFERHHSGAIELSKQDYRLMINGLVEKPLVFTFEDLLRFPRTTTTAFCECAANGGMEWGGAQLEGCQYTQGMIHNMEYVGVPLSVLLAEAGVKPEGKWLYAEGADASSNGRSFPMEKVMDDVMLAFFANGEALRKEHGYPARLVVPGWEGNMWVKWVRRLGIYDKAVESREETSKYTDLMPDGRARKWTWVMDAKSVITSPSPQVPIRHGKGPLVISGLAWSGNGRITRVDVSLDGGKNWTTARITGQALPKALTRFHLDIDWDGSEMLLQSRAVDETGYVQPTKDALRAIRGRNNVYHNNGIQTWWVKADGEVENVEIA
4wu0-A,QKYSKLMADSIIAKNITLTDHWGYEYGLTLDGIAKVYEWTKDKKYLDFIIKTMDTFINEDGTINGYKLEEYNIDHLNNGKILITLFKETGKEKYRKALINLRKQIDNHPRTKENVFWHKNIYPHQIWLDGLYMGATFYAKYVKEFGEEKEFDDITHQFIITEKNLKDNKTGLLYHAYDESKTEPWSNSETGLSPHFWGRAMGWYVMALADTIEVLPKNHKDRNALIKILNNCVTALLKVQDNASKVWYQVLDEGERKGNYLEASGSSMIVYALLKGVRLGYLPESLKETAKEAYKGLINEFILETKDGLINLNKICYVAGLGGKDKRDGSFAYYISEPIVSNEPKGLGPFLLASYEYETL
4hzo-A,RPEIKQAVTVRPGMCGPGSLFVGQLGDWTWETVSAQCDTDVFAARDASGNPTYLAFYYFRVRGGRELHPGSLTFGDRLTVTSGCYDQGTESVLTLHRIDRAGSDDAQRPLDLHEFYERPRDGSLYVENFNRWVTRSAPGSNEDLVKSSPPGFRNDGLPQLPAAYSPRAVYREARTAHTFRALDEPGFRLLPDTVEVEHPVDIVRDVNGVGLLYFASYFSMVDKAALALWRRLGRSDRAFLRRVVVDQQMCYLGNADLDSVLTLGARVRVSTETPGEELVDVVISDRDSGRVIAVSTLHTQH
2imf-A,MIVDFYFDFLSPFSYLANQRLSKLAQDYGLTIRYNAIDLARVKIAIGNVGPSNRDLKVKLDYLKVDLQRWAQLYGIPLVFPANYNSRRMNIGFYYSGAEAQAAAYVNVVFNAVWGEGIAPDLESLPALVSEKLGWDRSAFEHFLSSNAATERYDEQTHAAIERKVFGVPTMFLGDEMWWGNDRLFMLESAMGRLCRQNADLSS
1yad-C,MELHAITDDSKPVEELARIIITIQNEVDFIHIRERSKSAADILKLLDLIFEGGIDKRKLVMNGRVDIALFSTIHRVQLPSGSFSPKQIRARFPHLHIGRSVHSLEEAVQAEKEDADYVLFGHVFRGVSLLSDIKQRISIPVIAIGGMTPDRLRDVKQAGADGIAVMSGIFSSAEPLEAARRYSRKLKEMR
3w3w-A,ALPEEVNRTLLQIVQAFASDNQIRSVAEKALSEEWITENNIEYLLTFLAEQAAFSQDTTVAALSAVLFRKLALKAPITHIRKEVLAQIRSSLLKGFLSERADSIRHKLSDAIAECVQDDLPAWPELLQALIESLKSGNPNFRESSFRILTTVPYLITAVDINSILPIFQSGFTDASDNVKIAAVTAFVGYFKQLPKSEWSKLGILLPSLLNSLPRFLDDGKDDALASVFESLIELVELAPKLFKDMFDQIIQFTDMVIKNKDLEPPARTTALELLTVFSENAPQMCKSNQNYGQTLVMVTLIMMTEVSIDDDDAAEWIESDDTDDEEEVTYDHARQALDRVALKLGGEYLAAPLFQYLQQMITSTEWRERFAAMMALSSAAEGCADVLIGEIPKILDMVIPLINDPHPRVQYGCCNVLGQISTDFSPFIQRTAHDRILPALISKLTSECTSRVQTHAAAALVNFSEFASKDILEPYLDSLLTNLLVLLQSNKLYVQEQALTTIAFIAEAAKNKFIKYYDTLMPLLLNVLKVNSVLKGKCMECATLIGFAVGKEKFHEHSQELISILVALQNSDALRSYLEQSWSRICRILGDDFVPLLPIVIPPLLITAKATQDVGLIEEEEAANFQQYPDWDVVQVQGKHIAIHTSVLDDKVSAMELLQSYATLLRGQFAVYVKEVMEEIALPSLDFYLHDGVRAAGATLIPILLSCLLAAEELVLLWHKASSKLIGGLMSEPMPEITQVYHNSLVNGIKVMGDNCLSEDQLAAFTKGVSANLTDTYERMQDRDEYNEDFTDEDLLDEINKSIAAVLKTTNGHYLKNLENIWPMINTFLLEPILVIFALVVIGDLIQYEQTASMKNAFIPKVTECLISPDARIRQAASYIIGVCAQYAPSTYADVCIPTLDTLVQIVDGSKLEENRSSTENASAAIAKILYAYNSNIPDTYTANWFKTLPTITDKEAASFNYQFLSQVCAQSNISAVVDSVIQALNERSLTVISSVKKLLGFLPSSDAMAIFNRYPADIMEKVHKWF
4v33-A,EQGKISYNPITHESTNTTIHMTDIKDTLTEVQYKIWRTADGKETAKSLSSKEKEKQFSLPFDTKEFEGKRGEFQIEAIGIKEDGKTIPLTKSAITFEQKVPVLMYHAIDDYHGQGIKDLFVSPANFEAQMKYLKDNGYTLLTFERWGDINKVNKPIFVTFDDGMKNNMNAFHVLQKLKDDTFKPVATEYMIVNNVDAEGSLSTSDIKEMVDSGIFSMQSHTATHADLPKITNYEEELKESKEKLEKITGKPVIAVAYFGHVDDKVVAETKKYYQFATTTKPGKFITKGEPDELLKMKRVRIHHTTTVEQFASSIK
2c1l-B,MNFFSLHPNVYATGRPKGLIGMLENVWVSNHTPGEGTLYLISGFSNYNGGVRFYETFTEHINQGGRVIAILGGSTSQRLSSRQVVEELLNRGVEVHIINRKRILHAKLYGTSNNLGESLVVSSGNFTGPGMSQNIEASLLLDNNTTQSMGFSWNDMISEMLNQNWHIHNMTNATDASPGWNLLYDERTTNLTLDETERVTLIVTLGHADTARIQAAPGTTAGQGTQYFWLSKDSYDFFPPLTIRNRRGTKATYSSLINMNYIDINYTDTQCRVTFEAENNFDFRLGTGKLRYTGVAKSNDIAAITRVGDSDYELRIIKQGTPEHSQLDPYAVSFIGNRGKRFGYISNEEFGRIIGVTF
5tvo-A,SLFVMKDRVILITCGTITLLNCVPLICEAVSTVCGEVEWVSFMHKNYSFPWEHLSMAEEFKTLRSHFPPFIFGPIDSDHYFLYFHSDAQLSMTMYGLDRNQTKHWYSDKMLPTGPETAVIREATGLSEVVDDSWILHDLQYEPCGYSINAIRGSEYQTIHITPEEHCSFASYETNTCALNYSKCICGVLRVFDPERFSVIVFIDPDSAVGKSYHSGGTIGVEPEYYPNYEAHHRTVNEYTPGHWVLKVNYVKRA
4ozk-A,ACQCPDAISGWTHTDYQCHGLENKMYRHVYAICMNGTQVYCRTEWGSSC
5ld9-B,STLIIPQHYLRAILKVVSSSSVEVCGFLFGKENRVLKVRFIRNRLNSPVEFEMDPEEMLKALEEAEQENLEVVGIFHSHIACPPIPSGKDLEGMKRWPVIWLIVNEKGEYKAWILNKISEVKIVVE
2o8g-J,KGILKNKSQKWDEMNILATLSPEEREKKRQFEMKRKLHYNEGLNIKLARQLISKDLHD
5wri-A,YHKDMPLIFIGGVPRSGTTLMRAMLDAHPDIRCGEETRVIPRILALKQMWSRSSKEKIRLDEAGVTDEVLDSAMQAFLLEIIVKHGEPAPYLCNKDPFALKSLTYLSRLFPNAKFLLMVRDGRASVHSMISRKVTIAGFDLNSYRDCLTKWNRAIETMYNQCMEVGYKKCMLVHYEQLVLHPERWMRTLLKFLQIPWNHSVLHHEEMIGKAGGVSLSKVERSTDQVIKPVNVGALSKWVGKIPPDVLQDMAVIAPMLAKLGYDPYANPPNYGKP
5n1a-B,PTTENLYFQGAHDIHRCRFVRYPASAINAVAFTHSALPVVSSSYLQKNIQVRLAIGRANGDIEIWNPLNGGWYQEVIIPGGKDRSVDGLVWVTDPDEEADGKIIHGKSRLFSIGYTTTITEWDLEKARAKKHASGQHGEIWCFGVQPLPHKANAAAAQNRKLVAGTVDGNLVLYSIEDGDLKFQKTLTRTSKKTKFVSIAFQSHNIVIVGCSNSTICAYDVRTGTLRQTLGSKNIIVWAVKCLPNGDIVSGDSTGQVCIWDGKTYTQAQRIQSHTQDVLCLSVSADGSKIISGGDRRTAVYEPAGQSGRWSKVFHRRYHQHDVKAASFEGKGSVVVSGGSDASPIVLPLRALGKEFHRTLPHLPQHPTVLSAPKARYILSWWENEIRIWHLLNNRKFLAQVLIKGASHITSASISEDGTLLAASTPTDVKVFHLDPAAAQRNGQLYIKKVNTGTGLGATRVQISPDKRWICWAEEGSKVISRVHATESADGISYTVSVPHKLHRLRRQIPKHILLGGLGSYDRNVSQIAFSADSRLSVADLAGYIDTWVLRGPGERWARNPKAAIPKLSAAPVVLSFSPTPRDDGDYDLLVVTTLKQLLIFNPLRGLSEWSRRNTYPKLPEPFRDTRDQVKGIVWQGQRAWFYGVASLFFDLSQDFSAKWWHTYQFRPIGIVPIEGIPPLEVALIERPLSE
4gmq-A,NAVKKNKRVLRGSVKEANYFVEGEASAATIDAVLNDVDLVITKIDADEIAALAGKLNGLTVADEIKNVWKEEVSRLVGAGKLKEGDIKALVA
3mea-A,LYFQGTLPLWIGKPGDKPPPLCGAIPASGDYVARPGDKVAARVKAVDEQWILAEVVSYSHATNKYEVDDIDEEGKERHTLSRRRVIPLPQWKANPETDPEALFQKEQLVLALYPQTTCFYRALIHAPPQRPQDDYSVLFEDTSYADGYSPPLNVAQRYVVAC
1nqz-A,PHDPLDDIQADPWALWLSGYRRAAVLVALTREADPRVLLTVRSKGQIAFPGGSLDAGETPTQAALREAQEEVALDPAAVTLLGELDDVFTPVGFHVTPVLGRIAPEALDTLRVTPEVAQIITPTLAELRAVPLVRERRTLPDGTEVPLYRYPWRGLDIWGMTARVLHDLLE
3qj4-B,AQVLIVGAGMTGSLCAALLRRQTSGPLYLAVWDKADDSGGRMTTACSPHNPQCTADLGAQYITCTPHYAKKHQRFYDELLAYGVLRPLSSPIEGMVMEGDCNFVAPQGISSIIKHYLKESGAEVYFRHRVTQINLRDKWEVSKQTGPEQFDLIVLTMPVPEILQLQGDITTLISECQRQQLEAVSYSSRYALGLFYAGTKIDVPWAGQYITSNPCIRFVSIDNKKRNIESIGPSLVIHTTVPFGVTYLEHSIEDVQELVFQQLENILPGLPQPIATKCQKWRHSQVTNAAANPGQMTLHHKPFLACGGDGFTQSNFDGCITSALCVLEALKNY
2nw8-A,EGRLTYGGYLRLDQLLSAQQPLSEPAHHDEMLFIIQHQTSELWLKLLAHELRAAIVHLQRDEVWQCRKVLARSKQVLRQLTEQWSVLETLTPSEYMGFRDVLGPSSGFQSLQYRYIEFLLGNKNPQMLQVFAYDPAGQARLREVLEAPSLYEEFLRYLARFGHAIPQQYQARDWTAAHVADDTLRPVFERIYENTDRYWREYSLCEDLVDVETQFQLWRFRHMRTVMRVIGFKRGTGGSSGVGFLQQALALTFFPELFDVRTSVGV
5m96-B,ASLTEIEHLVQSVCKSYRETCQLRLEDLLRQRSNIFSREEVTGYQRKSMWEMWERCAHHLTEAIQYVVEFAKRLSGFMELCQNDQIVLLKAGAMEVVLVRMCRAYNADNRTVFFEGKYGGMELFRALGCSELISSIFDFSHSLSALHFSEDEIALYTALVLINAHRPGLQEKRKVEQLQYNLELAFHHHLSKTHRQSILAKLPPKGKLRSLCSQHVERLQIFQ
2r51-A,SVEVEILLNDAESRKRAEHKTEDGKKEKYFLFYDGETVSGKVSLSLKNPNKRLEHQGIKIEFIGQIELYYDRGNHHEFVSLVKDLARPGEITQSQAFDFEFTHVEKPYESYTGQNVKLRYFLRATISRRLNDVVKEDIVVHTLSTYPELNSSIKEVGIEDCLHIEFEYNKSKYHLKDVIVGKIYFLLVRIKIKHEIDIIKRETTGTGPNVYHENDTIAKYEIDGAPVRGESIPIRLFLAGYELTPTRDINKKFSVRYYLNLVLIDEEERRYFKQQEVVLWRKG
4czg-A,ISNDIAIDLGTANTLIYQKGKGIVLNEPSVVALRNVGGRKVVHAVGIEAKQMLGRTPGHMEAIRPMRDGVIADFEVAEEMIKYFIRKVHNRKGSGNPKVIVCVPSGATAVERRAINDSCLNAGARRVGLIDEPMAAAIGAGLPIHEPTGSMVVDIGGGTTEVAVLSLSGIVYSRSVRVGGDKMDEAIISYMRRHHNLLIGETTAERIKKEIGTARAPGLSIDVKGRDLMQGVPREVRISEKQAADALAEPVGQIVEAVKVALEATPPELASDIADKGIMLTGGGALLRGLDAEIRDHTGLPVTVADDPLSCVALGCGKVLEH
1xks-A,ESVNYDVKTFGSSLPVKVMEALTLAEVDDQLTINIDEGGWACLVCKEKLIIWKIALSPITKLSVCKELQLPPSDFHWSADLVALSYSSTQAVAVMVATREGSIRYWPSLAGEDTYTEAFVDKTYSFLTAVQGGSFILSSSGSQLIRLIPESSGKIHQHILPQGQGMSDLTLSSVLWDRERSSFYSLTSSNISKWELDDSSEKHAYSWDINRALKENITDAIWGSESNYEAIKEGVNIRYLDLKQNCDGLVILAAAWHSADNPCLIYYSLITIEDNGCQMSDAVTVEVTQYNPPFQSEDLILCQLTVPNFSNQTAYLYNESAVYVCSTGTGKFSLPQEKIVFNAQGDSVLGAGACGGVPIIFSRNSGLVSITSRE
3woe-C,GPIHIERYEIEARDTKLGPERITRDIPHLSEAALRDLDEEGVVRIGAEVKPGDILVGRTSFKGESEPTPEERLLRSIFGEKARDVKDTSLRVPPGEGGIVVRTVRLRRGDPGVELKPGVREVVRVYVAQK
4zgm-A,TVSLWETVQKWREYRRQCQRSLTEDPPPATDLFCNRTFDEYACWPDGEPGSFVNVSCPWYLPWASSVPQGHVYRFCTAEGLWLQKDNSSLPWRDLSECEE
2o4a-A,EVSSEIYQWVRDELKRAGISQAVFARVAFNRTQGLLSEILRKEEDPKTASQSLLVNLRAMQNFLQLPEAERDRIYQDERERSLR
4xax-A,PLTEIQVESYKKALQADVPPEKRENVGIQAAFKETFPIEEGDKGKGGLVLDFLEYRIGDPPFSQDECREKDLTYQAPLYARLQLIHKDTGLIKEDEVFLGHLPLMTEDGSFIINGADRVIVSQGGRTVGELMADQFRVGLARLARGVRERMVMGSPDTLTPAKLVNSRPLEAALREFFSRSQLS
3axg-F,VHALTDIDGGIAVDPAPRLAGPPVFGGPGNDAFDLAPVRSTGREMLRFDFPGVSIGAAHYEEGPTGATVIHIPAGARTAVDARGGAVGLSGGYDFNHAICLAGGASYGLEAGAGVSGALLERLEYRTGFAEAQLVSSAVIYDFSARSTAVYPDKALGRAALEFAVPGEFPQGRAGAGMSASAGKVDWDRTEITGQGAAFRRLGDVRILAVVVPNPVGVIMDRAGTVVRGNYDAQTGVRRHPVFDYQEAFAEQVPPTTISAIVTNVRMSPVELNQFAKQVHSSMHRGIQPFHTDMDGDTLFAVTTDEIDLPTTPGSSRGRLSVNATALGAIASEVMWDAVLEAGK
3e57-A,ERILVVKTEDFLKEFGEFEGFMRVNFEDFLNFLDQYGFFRERDEAEYDETTKQVIPYVVIMDGDRVLITKRYSLGIGGHVREGDGATPREAFLKGLEREVNEEVDVSLRELEFLGLINSSTTEVSRVHLGALFLGRGKFFSVKEKDLFEWELIKLEELEKFSGVMEGWSKISAAVLLNLF
3n72-B,NLYFQGERNYNKWAESYIKYNLSNLKIEKEDLTIYFDNLQVSGNACVSIRKGKQINSFEYIIKFEWLYSKKKEGKDYFGGSVEIPDFSTFSLEENDYAINIERTDESENLRFIYDSILKKEGKEKIKECLKNFQEDLLKHDKNESNKELKIK
5kzz-A,KCKKTTTCEPLKYNICLGSVLPYALTSTVLAEDSSSQDEVHDKLSLWSGLRNAPRCWDAIRPLLCAVYMPKCEGGKVELPSQGLCQTTRVPCAIVARWPDFLKCTTDYFPEGCPNE
3no4-A,DKIHHHHHHENLYFQGLLHLSTWQEVEAYLQQSKGIIFPIGSTEQHGPTGLIGTDAICAEAIAAGVGDATGAIVGPTINVGALHHTAFPGTISLRPSTLIQVVRDYVTCLAKAGFSKFYFINGHGGNIATLKAAFSETYAHLEDLQIANAQQVQCQVANWFCGSVYKLAKELYGDQEGSHATPSEVALTQYVYPEAIKQAPLSPEVASGHRIYSAADFRVRYPDGRGSNPGLATPEHGKQFYDLAVKELSNGYLEFVNAD
5dma-A,GWKVGDRANHRKWGIGTVVSVRGGGDDQELDIAFPSPIGIKRLLAKFAPIEKV
1go3-M,MYKILEIADVVKVPPEEFGKDLKETVKKILMEKYEGRLDKDVGFVLSIVDVKDIGEGKVVHGDGSAYHPVVFETLVYIPEMYELIEGEVVDVVEFGSFVRLGPLDGLIHVSQIMDDYVSYDPKREAIIGKETGKVLEIGDYVRARIVAISLSKIALTMRQPYLGKLEWIEEEKA
4a57-C,EKRINVGKKHLQTLRNLETRCHDSLQALVVIDAGSSSTRTNVFLAKTRSCPNKGRSIDPDSIQLIGAGKRFAGLRVVLEEWLDTYAGKDWESRPVDARLLFQYVPQMHEGAKKLMQLLEEDTVAILDSQLNEKQKVQVKALGIPVMLCSTAGVRDFHEWYRDALFVLLRHLINNPSPAHGYKFFTNPFWTRPITGAEEGLFAFITLNHLSRRLGEDPARCMIDEYGVKQCRNDLAGVVEVGGASAQIVFPLQEGTVLPSSVRAVNLQRERLLPERYPSADVVSVSFMQLGMASSAGLFLKELCSNDEFLQGGICSNPCLFKGFQQSCSAGEVEVRPDGSASVNEDVRKNRLKPLATYCSVNNPEISFKVTNEMQCRENSIDPTKPLAERMKIENCSIIKGTGNFDKCVSQVESILVAPKLPLPANIEAASSGFESVDQVFRFASSTAPMIVTGGGMLAAINTLKDHRLLRSDFSGDVEELAEAAREFCSSEVIIRTDGPVIQLPNARGEQKLNSLNFDLCKTMALTVSLLRHMAAGENQPSFIKWEKSIAGPDGKPLADLGWQVGVILHHVLFTEEWGRNAYEAGYSHNLE
1qd6-D,TLYPYDTNYLIYTQTSDLNKEAIASYDWAENARKDEVKFQLSLAFPLWRGILGPNSVLGASYTQKSWWQLSNSEESSPFRETNYEPQLFLGFATDYRFAGWTLRDVEMGYNHDSNGRSDPTSRSWNRLYTRLMAENGNWLVEVKPWYVVGNTDDNPDITKYMGYYQLKIGYHLGDAVLSAKGQYNWNTGYGGAELGLSYPITKHVRLYTQVYSGYGESLIDYNFNQTRVGVGVMLNDLF
4kk7-A,SLFTDRATNQLYVLLSGQLHPVYNLTSARLVLGNPANPATVKSSELSKLPMGQTVGIPGAPYATPVSAGSTSIWTLCDTVARADSTSPVVQTAVIAMPLEIDASIDPLQSHEAVLVSYQGETWIVTTKGRHAIDLTDRALTSSMGIPVTARPTPISEGMFNALPDMGPWQLPPIPAAGAPNSLGLPDDLVIGSVFQIHTDKGPQYYVVLPDGIAQVNATTAAALRATQAHGLVAPPAMVPSLVVRIAERVYPSPLPDEPLKIVSRPQDPALCWSWQRSAGDQSPQSTVLSGRHLPISPSAMNMGIKQIHGTATVYLDGGKFVALQSPDPRYTESMYYIDPQGVRYGVPNAETAKSLGLSSPQNAPWEIVRLLVDGPVLSKDAALL
2xry-A,LVPRGSHMNPKRIRALKSGKQGDGPVVYWMSRDQRAEDNWALLFSRAIAKEANVPVVVVFCLTDEFLEAGIRQYEFMLKGLQELEVSLSRKKIPSFFLRGDPGEKISRFVKDYNAGTLVTDFSPLRIKNQWIEKVISGISIPFFEVDAHNVVPCWEASQKHEYAAHTFRPKLYALLPEFLEEFPELEPNSVTPETLSDVLETGVKALLPERALLKNKDPLFEPWHFEPGEKAAKKVMESFIADRLDSYGALRNDPTKNMLSNLSPYLHFGQISSQRVVLEVEKAESNPGSKKAFLDEILIWKEISDNFCYYNPGYDGFESFPSWAKESLNAHRNDVRSHIYTLEEFEAGKTHDPLWNASQMELLSTGKMHGYTRMYWAKKILEWSESPEKALEIAICLNDRYELDGRDPNGYAGIAWSIGGVHDRAWGEREVTGKIRYMSYEGCKRKFDVKLYIEKYS
3g9y-A,NDWQCKTCSNVNWARRSECNMCNTPKYAK
5m5z-A,APSGWWLANIARQGRPAFNPDPNYKIFRNVKDYGAVGDGVTDDTAAINAAISDGNRCGQGCSSQTTTPALVYFPPGTYLVSKPIISYYYTQLVGDAISPPTLKAAANFEGMAVIDADPYDENGNNWWTNQNNFFRQVRNFVIDLTAMPFEVGSGIHWQVAQATSLQNIVFNMRTDGGDDNRQQGIFMDNGSGGLMVDLVFNGGRYGAFFGNQQFTTRNLTFNNCKTAIFMNWNWAWTFQDVKINNCEVGIDMSNGGPDGQTVGSVLLLDSHITNTGIGIKTAYDPAQPHTNGTLILDNVEMTGTPIAVQNDATGTTIVDGNQKIAFFAQGRTYGGSIGGTSGKAVQTTEQAIVKPNVLLDPATGKVFTRSRPQYEDVPVSSFVSVKANGAKGDGVTDDTDAIQAIFDSVTPEQIVYFDHGAYIITKTVRVPPNIRITGEALPLILAGGDSFFKDQANPKPVFQVGQPGERGRVEMSDLIFGTAGPQPGAIMMEWNVAGMEPGAAGLWDVHTRIGGYAGTQLELEQCAKNPNITNPIKPECFGSFLMLHVTPGGSAYLENTWYWVADHALEPEARDQQIDVFNGRGVLIEGDGPVWGWGTSSEHSVLHNYQFNNARNVFLALIQTETPYFQGNPDATQPFTVNPNFADPDFATSCTNSPNPEQCKRAWGVRAINSTDVFIYGAGLYSFFDNYDQECLKTQSCQTNMVSLEGNSQVHLFGLSTKASVNMLTVDGNAVALDADNRNNFCATVAWFQS
4rd4-A,AWPKVQPEVNIGVVGHVDHGKTTLVQAITGIWTSKHSEELKRGMTIKLGYAETNIGVCESCKKPEAYVTEPSCKSCGSDDEPKFLRRISFIDAPGHEVLMATMLSGAALMDGAILVVAANEPFPQPQTREHFVALGIIGVKNLIIVQNKVDVVSKEEALSQYRQIKQFTKGTWAENVPIIPVSALHKINIDSLIEGIEEYIKTPYRDLSQKPVMLVIRSFDVNKPGTQFNELKGGVIGGSIIQGLFKVDQEIKVLPGLRVEKQGKVSYEPIFTKISSIRFGDEEFKEAKPGGLVAIGTYLDPSLTKADNLLGSIITLADAEVPVLWNIRIKYNLLERVVGAKEMLKVDPIRAKETLMLSVGSSTTLGIVTSVKKDEIEVELRRPVAVWSNNIRTVISRQIAGRWRMIGWGLVEI
4ba0-A,AVFYKEHKLRNDGLVITTNQGNIRLQFKSEAAIEVLYRADSKQLPSFALAQPESAIKAQLTETENHLQFSGGTLTARIQKRPFAISYYRDSELLLAEESGFQVNKINFRFYLSPGEKILGGGQRILGMDRRGQRFPLYNRAHYGYSDHSGQMYFGLPAIMSSKQYILVFDNSASGAMDIGKTESDILQLEAKSGRSAYILVAGNSYPSLIENFTQVTGRQPLPPRWALGSFASRFGYRSEAETRATVQKYKTEDFPLDTIVLDLYWFGKDIKGHMGNLDWDKENFPTPLDMMADFKQQGVKTVLITEPFVLTSSKRWDDAVKAKALAKDPQGQPKAFELYFGNGGIIDVFSKEGSRWFSSIYKDLSKQGVAGWWGDLGEPEMHPEDTQHAIGDADTVHNAYGHRWAEMLYQQQLDQFPELRPFIMMRAGFVGSQRYGMIPWTGDVSRTWGGLASQVELALQMSLLGFGYIHSDLGGFADGETLDKEMYIRWLQYGVFQPVYRPHGQDHIPSEPVFQDEETKAILRPLVKLRYRMLPYIYTAAYQNTLTGMPLMRPLFFSDEKNPALIDNKTSYFWGDSLLVTPITQAGVESVSIPAPKGVWFDFWKDTRYQTDGAPLTLPTDLHTIPVLVKAGAFMPYVPAVSTTEDYRSDSLEIHYYADASVPLAQGEIFEDDGKDPNSIKRNQFDLLTLQATHTDNQLHFQLARTGKGYRGMPERRATTLVIHNASDQYQHLDINGKTIAIAQADCASTPALACYDQERRQLQLVFTWGREALNLRLHK
2hhc-A,TKERFVISRRRTGFGDCLWSLASAWSYAQRTGRTLVIDWRGSCYVEQPFSNAFPAFFEPVEDIAGVPVICDDRVNQLSFPGPFFPRWWNRPSIDCINRPDEQIFRERDELTELFQAREDSEANTIVCDACLMWRCSEEAERLIFRNIKLRSEIRARIDALYEEHFSGHSIIGVHVRHWADSELALHQVCMAIRKAKALSYPKPVKVFLCTDSAQVLDQVSGLFPDVFAVPKSAEMGIEGGASALIDMYLLARCATVIRFPPTSAFTRYARLLVPRIIEFDNPGHLTMIDNP
1onw-A,MIDYTAAGFTLLQGAHLYAPEDRGICDVLVANGKIIAVASNIPSDIVPNCTVVDLSGQILCPGFIDQHVHLIGGGGEAGPTTRTPEVALSRLTEAGVTSVVGLLGTDSISRHPESLLAKTRALNEEGISAWMLTGAYHVPSRTITGSVEKDVAIIDRVIGVCAISDHRSAAPDVYHLANMAAESRVGGLLGGKPGVTVFHMGDSKKALQPIYDLLENCDVPISKLLPTHVNRNVPLFEQALEFARKGGTIDITSSIDEPVAPAEGIARAVQAGIPLARVTLSSDGNGSGVAGFETLLETVQVLVKDYDFSISDALRPLTSSVAGFLNLTGKGEILPGNDADLLVMTPELRIEQVYARGKLMVKDGKACVKGTFET
1ofl-A,VVASNETLYQVVKEVKPGGLVQIADGTYKDVQLIVSNSGKSGLPITIKALNPGKVFFTGDAKVELRGEHLILEGIWFKDGNRAIQAWKSHGPGLVAIYGSYNRITACVFDCFDEANSAYITTSLTEDGKVPQHCRIDHCSFTDKITFDQVINLNNTARAIKDGSVGGPAMYHRVDHCFFSNPQKPGNAGGGIRIGYYRNDIGRCLVDSNLFMRQDSEAEIITSKSQENVYYGNTYLNCQGTMNFRHGDHQVAINNFYIGNDQRFGYGGMFVWGSRHVIACNYFELSETIKSRGNAALYLNPGAMASEHALAFDMLIANNAFINVNGYAIHFNPLDERRKEYCAANRLKFETPHQLMLKGNLFFKDKPYVYPFFKDDYFIAGKNSWTGNVALGVEKGIPVNISANRSAYKPVKIKDIQPIEGIALDLNALISKGITGKPLSWDEVRPYWLKEMPGTYALTARLSADRAAKFKAVIKRNKEH
2g45-A,VRQVSKHAFSLKQLDNPARIPPCGWKCSKCDMRENLWLNLTDGSILCGRRYFDGSGGNNHAVEHYRETGYPLAVKLGTITPDGADVYSYDEDDMVLDPSLAEHLSHFGIDMLKMQKT
3fsg-D,EYLTRSNISYFSIGSGTPIIFLHGLSLDKQSTCLFFEPLSNVGQYQRIYLDLPGGNSDPISPSTSDNVLETLIEAIEEIIGARRFILYGHSYGGYLAQAIAFHLKDQTLGVFLTCPVITADHSKRLTGKHINILEEDINPVENKEYFADFLSNVIINNQAWHDYQNLIIPGLQKEDKTFIDQLQNNYSFTFEEKLKNINYQFPFKIVGRNDQVVGYQEQLKLINHNENGEIVLLNRTGHNLIDQREAVGFHFDLFLDELN
3ldv-B,NDPKVIVALDYDNLADALAFVDKIDPSTCRLKVGKEMFTLFGPDFVRELHKRGFSVFLDLKFHDIPNTCSKAVKAAAELGVWMVNVHASGGERMMAASREILEPYGKERPLLIGVTVLTSMESADLQGIGILSAPQDHVLRLATLTKNAGLDGVVCSAQEASLLKQHLGREFKLVTPGIRPAQRRIMTPAQAIASGSDYLVIGRPITQAAHPEVVLEEINSSLV
2aua-A,LGTENLYNETEFYAYHIVTRKKHIGQIPFNKNQHNTLYHFFFEREQLNANGEDGIQILNNHYKNDELHINNENAKVVISYDQTIRAARETIVEVRLQEFPEYPSRLSCLYAAKSYEDALKWKALFDSYNREVLQIVKLRVIGSSFEGDGNLLPKEDGIPFSQKIEQARKYWKGNNELPELLINGEIEVVEIIDDF
2qtq-C,GARDLLLQTASNIREGDVVDISLSELSLRSGLNSALVKYYFGNKAGLLKALLDRDENIVKSVDALLAKDDSPEAKLRRHISKCIDTYYDYPYLNRLLRLVRDSDEAEAKRIADQYLLPLHRAYNRFIGEGVKAGVFRPINPQLFYFTVTGAADRFFSARLVLKHCFDQDTLTEQLRDSYREHTVDFIAGILA
4f55-A,GGGRTNVPNGYSQNDIQLMANAVYGESRGEPYLGQVAVAAVILNRVTSASFPNTVSGVIFEPRAFTAVADGQIYLTPNETAKKAVLDAINGWDPTGNALYYFNPDTATSKWIWTRPQIKKIGKHIFCK
3lvy-D,SKFTIHTIETAPERVKETLRTVKKDNYIPNLIGLLANAPTALETYRTVGEINRRNSLTPTEREVVQITAAVTNGCAFCVAGHTAFSIKQIQAPDLLEALRNATPIDDDPKLDTLAKFTIAVINTKGRVGDEAFADFLEVGYTPENALDVVLGVSLASLCNYANNADTPINPELQQYV
4rdb-A,GDRSIEISIRVDDFTKTGERYERNQGSAAERLITNLYLLLFDQSGANPAKYYITGNTFTGGTWLPDDKVKLDTQSEAGERKVYVVANVDNAVKTALDAVANESDLQTVKRTTAPWSTDIASPFLSGNKTHDFLANRLLDNVPLVRAIAKVELNISLSEKFQIVPIIVNGSLSEFKFRYVNFDKETYVVKPTTKPDNLISSANGVWPQITDWTVWGASLNTSPAPDAGTGYTLDANGKVTALRIVTYLNERDSKGATVEVALPRVDDGTLPPPEFGPELYRLPLPDKILRNHWYKYEVEI
3lid-B,NVENTAKEALHQLAYTGREYNNIQDQIETISDLLGHSQSLYDYLREPSKANLTILENMWSSVARNQKLYKQIRFLDTSGTEKVRIKYDFKTSIAGPSLILRDKSAREYFKYAQSLDNEQISAWGIELERDKGELVYPLSPSLRILMPISVNDVRQGYLVLNVDIEYLSSLLNYSPVRDFHIELVKHKGFYIASPDESRLYGDIIPERSQFNFSNMYPDIWPRVVSEQAGYSYSGEHLIAFSSIKFVSNEPLHLIIDLSNEQLSKRATRDINDLIQE
1khx-A,PVTYSEPAFWCSIAYYELNQRVGETFHASQPSLTVDGFTDPSNSERFCLGLLSNVNRNATVEMTRRHIGRGVRLYYIGGEVFAECLSDSAIFVQSPNCNQRYGWHPATVCKIPPGCNLKIFNNQEFAALLAQSVNQGFEAVYQLTRMCTIRMSFVKGWGAEYRRQTVTSTPCWIELHLNGPLQWLDKVLTQMGSPSVRCSM
3pm2-A,MDNPCLKGPPVPKNAAECCVTPFLVEPSAFMTCHSKWIGQTKRQMAMEGIPRGCCVAECVMNSTSLYSNGKIDREALTKLYLDSTKSMAPEWNKITLDAIDGCFKMADSIKDEIEAGAKLTPAFEGEQICHPISGTILACMGMTLFAECPAKLFTVNDDCNKLKSYHSKCPFL
4n5h-X,MADEEAMLAKVQASWAQTAARDKARYADERVPEDVHWETEYRYEQSADPQQTLNLYYPAKRRNATMPTVIDIHGGGWFYGDRNLNRNYCRYLASQGYAVMGMGYRLLPDVDLRGQIQDIFASLRWLSHFGPQRGFDLDHVLLTGDSAGGHLASLVACIQQSAELQELFGVSRVNFNFTLVALVCPVAEPSKLPEAAGDMSDMAAFYLDKLSGGDQALVDHLNFSQVVKGLDLPPFMLIGGQNDSFYLQSQALLKVFDANHVTYTTKLWPASAGPHLKHVFNVQHWEWPESIETNLEMLRTFDALSKQQDQAEENE
5nqo-A,MHVEAMISKHPQADRSLVQCVEMCFDCAQTCAACADACLGEDKVADLRHCIRLNLDCAEICVAAGSIASRAAGTEESILRTMLQTCAEMCRMCEEECRRHAGNHEHCRICADVCKECETACRSATG
5o8w-B,PAKPAAKSIVTLDVKPWDDETNLEEVANVKAIEEGLTWGAHQFIPIGFGIKKLQINCVVEDDKVSLDDLQQSIEEDEDHVQSTDIAAQKL
4s0u-C,DPHSLSYDITVIPKFRPGPRWCAVQGQVDEKTFLHYDCGNKTVTPVSPLGKKLNVTMAWKAQNPVLREVVDILTEQLLDIQLENYTPKEPLTLQARMSCEQKAEGHSSGSWQFSIDGQTFLLFDSEKRMWTTVHPGARKMKEKWENDKDVAMSFHYISMGDCIGWLEDFLMGMDS
5ayv-B,MRIYVLGAGSIGSLFGALLARAGNDVTLIGRREQVDAINKNGLHVFGAEEFTVKPKATIYAPEEPPDLLILAVKSYSTKTALECARQCIGRNTWVLSIQNGLGNEELALKYTPNVMGGVTTNGAMLVEWGKVLWAGKGITVIGRYPTGRDDFVDEVASVFNEAGIDTSVTENAIGWKWAKAIVNSVINGLGTVLEVKNGHLKDDPHLEGISVDIAREGCMVAQQLGIEFEIHPLELLWDTIERTRENYNSTLQDIWRGRETEVDYIHGKIVEYARSVGMEAPRNELLWVLVKAKERINRGKTR
2xeu-A,GAMVSCPICMDGYSEIVQNGRLIVSTECGHVFCSQCLRDSLKNANTCPTCRKKINHKRYHPIYI
1i0r-A,MDVEAFYKISYGLYIVTSESNGRKCGQIANTVFQLTSKPVQIAVCLNKENDTHNAVKESGAFGVSVLELETPMEFIGRFGFRKSSEFEKFDGVEYKTGKTGVPLVTQHAVAVIEAKVVKECDVGTHTLFVGEAVDAEVLKDAEVLTYADYHLMKKGKTPRT
2irp-B,NVELFKKFSEKVEEIIEAGRILHSRGWVPATSGNISAKVSEEYIAITASGKHKGKLTPEDILLIDYEGRPVGGGKPSAETLLHTTVYKLFPEVNAVVHTHSPNATVISIVEKKDFVELEDYELLKAFPDIHTHEVKIKIPIFPNEQNIPLLAKEVENYFKTSEDKYGFLIRGHGLYTWGRSEEALIHTEALEFIFECELKLLSF
1vh5-A,SLIWKRKITLEALNAMGEGNMVGFLDIRFEHIGDDTLEATMPVDSRTKQPFGLLHGGASVVLAESIGSVAGYLCTEGEQKVVGLEINANHVRSAREGRVRGVCKPLHLGSRHQVWQIEIFDEKGRLCCSSRLTTAILE
2qj8-A,SEAPHLTFDLDTPGVSTGHLVVPKGADCEALSLPVFSCNRGEGPSLLITGGNHGNELQGPILARRLVKWLPEAQRCGRIIIVPEINPLAVQAWTRNTPIDGKNLNRVFPGRSDGSVSERIADAISRLLLPVVDTVLDLHSFGPTWDCAPSIISHPIADIDQTKTVSISKAFKLPVTLLWEHNETDGFDTLVHRQGKTFICTEFGGGLTIYEAGVRNGLIALGLVKGKAGQTLETTSSDQLKSPSPGIFEPRCSVDEVEQGDVVGVLHPGSLSAASIDIRAQSKSTVFAIRSAYVQGNEEVAILARPLAR
4jim-A,KVPSDIEIAQAAKMKPVMELARGLGIQEDEVELYGKYKAKISLDVYRRLKDKPDGKLILVTAITPTPAGEGKTTTSVGLTDALARLGKRVMVCLREPSLGPSFGIKGGAAGGGYAQVVPMEDINLHFTGDIHAVTYAHNLLAAMVDNHLQQGNVLNIDPRTITWRRVIDLNDRALRNIVIGLGGKANGVPRETGFDISVASEVMACLCLASDLMDLKERFSRIVVGYTYDGKPVTAGDLEAQGSMALLMKDAIKPNLVQTLENTPAFIHGGPFANIAHGCNSIIATKTALKLADYVVTEAGFGADLGAEKFYDVKCRYAGFKPDATVIVATVRALKMHGGVPKSDLATENLEALREGFANLEKHIENIGKFGVPAVVAINAFPTDTEAELNLLYELCAKAGAEVALSEVWAKGGEGGLELARKVLQTLESRPSNFHVLYNLDLSIKDKIAKIATEIYGADGVNYTAEADKAIQRYESLGYGNLPVVMAKTQYSFSDDMTKLGRPRNFTITVREVRLSAGAGFIVPITGAIMTMPGLPKRPAACNIDIDADGVITGLF
3c0f-B,IMDEIVNLQKEVSLEEAERYANIASYGDGILLSVHDSTGYRAPEVYCCGEKPWEVYACNRGANLISVNQFEFYFRIEVEG
4dd5-A,MREVVIASAARTAVGSFGGAFKSVSAVELGVTAAKEAIKRANITPDMIDESLLGGVLTAGLGQNIARQIALGAGIPVEKPAMTINIVCGSGLRSVSMASQLIALGDADIMLVGGAENMSMSPYLVPSARYGARMGDAAFVDSMIKDGLSDIFNNYHMGITAENIAEQWNITREEQDELALASQNKAEKAQAEGKFDEEIVPVVIKDTVVDKDEYIKPGTTMEKLAKLRPAFKKDGTVTAGNASGINDGAAMLVVMAKEKAEELGIEPLATIVSYGTAGVDPKIMGYGPVPATKKALEAANMTIEDIDLVEANEAFAAQSVAVIRDLNIDMNKVNVNGGAIAIGHPIGCSGARILTTLLYEMKRRDAKTGLATLCIGGGMGTTLIVKR
4n2p-D,LKKWEHYEHTADIGIRGYGDSLEEAFEAVAIALFDVVNVNKVEKKEVREIEVEAEDLEALLYSFLEELLVIHDIEGLVFRDFEVKIERVNGKYRLRAKAYGEKLDLKKHEPKEEVKAITYHDKIERLPNGKWAQLVPDI
3ife-A,YFQSNAMKEELIERFTRYVKIDTQSNEDSHTVPTTPGQIEFGKLLVEELKEVGLTEVTMDDNGYVMATLPANTDKDVPVIGFLAHLDTATDFTGKNVKPQIHENFDGNAITLNEELNIVLTPEQFPELPSYKGHTIITTDGTTLLGADDKAGLTEIMVAMNYLIHNPQIKHGKIRVAFTPDEEIGRGPAHFDVEAFGASFAYMMDGGPLGGLEYESFNAAGAKLTFNGTNTHPGTAKNKMRNATKLAMEFNGHLPVEEAPEYTEGYEGFYHLLSLNGDVEQSKAYYIIRDFDRKNFEARKNTIENIVKQMQEKYGQDAVVLEMNDQYYNMLEKIEPVREIVDIAYEAMKSLNIEPNIHPIRGGTDGSQLSYMGLPTPNIFTGGENYHGKFEYVSVDVMEKAVQVIIEIARRFEEQA
4jb7-A,ADVNLYGPGGPHVPLIKVAESFEKSQSKRVNITFGPQATWNDKAKKNADILFGASEHSALAIAEGHSERFSKFNIHPVFREAIILVKKGNPKNIKGADLLKPGIGIVVNDGAGVSNTSGTAVWEDSVGRKNVEKLQAFRSNIHVFAPNSGSARKAFVDGEDIDAWITWVDWAIANPTIGDVREDEYRIYRDFNVVLAKNPSSEAIDFFDYLTKSKDAEAIFQHYGWFK
1z6m-A,SNADISVIDATKVNTETGLHIGESNAPVKIEFINVRCPYCRKWFEESEELLAQSVKSGKVERIIKLFDKEKESLQRGNVHHYIDYSAPEQALSALHKFATQDEWGNLTLEEVATYAEKNLGLKEQKDATLVSAVIAEANAAHIQFVPTIIIGEYIFDESVTEEELRGYIEK
2o6k-B,YSFYQFVTVRGRHDDKGRLAEEIFDDLAFPKHDDDFNILSDYIETHGDFTLPSVFDDLYEEYTEWLKFLEHH
3jzy-A,IGRLMVHVIEATELKACKPNGKSNPYCEISMGSQSYTTRTIQDTLNPKWNFNCQFFIKDLYQDVLCLTLFDRDQFSPDDFLGRTEIPVAKIRTEQESKGPMTRRLLLHEVPTGEVWVRFDLQLF
1j98-A,VESFELDHNAVVAPYVRHCGVHKVGTDGVVNKFDIRFCQPNKQAMKPDTIHTLEHLLAFTIRSHAEKYDHFDIIDISPMGQTGYYLVVSGETTSAEIVDLLEDTMKEAVEITEIPAANEKQCGQAKLHDLEGAKRLMRFWLSQDKEELLKVFG
5f9k-B,GSHMFKVKKLSDKAIIPQRGSKGAAGYDLSSAHELVVPAHGKALAMTDLQIAIPDGTYGRIAPRSGLAWKNFIDCGAGVIDSDYRGNVGVVLFNHSDVDFKVAVGDRVAQLIFERIVTPEPLEVDEIDET
2j2j-C,APITLWTGPGPSINGFINDTPVIRCFICLTRDSNLVTVNASFVGEGGYRIVSPTQSQFSLIMEFDQFGQLMSTGNINSTTTWGEKPWGNNTVQPRPSHTWKLCMPNREVYSTPAATISRCGLDSIAVDGAPSRSIDCMLIINKPKGVATYTLTFRFLNFNRLSGGTLFKTDVLTFTYVGENQ
3tcv-A,LQNWTPRPKPERKIFEGRYVRLEPLNAQKHGDELFAASSVEDAEQRFTWLFETPPATRAEFEPWLDKASKSDDPLFFAVIDKASGKVAGRQALMRIDPANGVIEIGSIYWGPLISRRPAATEAQFLFMQYVFDVLGYRRYEWECHNENGPSRRAAERFGFRFEGIFRQHMVVKGRNRDTAWFSVLDSEWPALKQAYQAWLAPENFDSAGQQKKTLQEFRDL
3htr-B,PETNETLKLIGSDKVQGTAVYGPDGEKIGSIERVIEKVSGRVSYAVLSFGGFLGIGDDHYPLPWPALKYNVELGGYQVVTVDQLERAP
4zas-E,MIPLSKVAMSPDVSTRVSAVLSSGRLEHGPTVAEYEAAVGSRIGNPRVVSVNCGTAGLHLALSLAARPGAPGEVLTTPLTFEGTNWPILANGLRIRWVDVDPATLNMDLDDLAAKISPATRAIVVVHWLGYPVDLNRLRAVVDRATAGYDRRPLVVEDCAQAWGATYRGAPLGTHGNVCVYSTGAIILTTGSGGFVVLPDDDLYDRLRLRRWLGIERASDRITGDYDVAEWGYRFILNEIGGAIGLSNLERVDELLRRHRENAAFYDKELAGIDGVEQTERADDREPAFWMYPLKVRDRPAFMRRLLDAGIATSVVSRRNDAHSCVASARTTLPGLDRVADRVVHIPVGWWLTEDDRSHVVETIKSGW
5n40-A,GGGRGNLSTTNSTLVAAPVNIEANGSDTSVVTLTLRDSNNNPVTGQTVAFTSTLGTLDNVTEQASGLYTATLTAGTLTGTASLSVNVDGNNLGTTPATINVIPAPVDLTVLTDNARKNIGQAISLTVIAKYKSTDVVAPNVKMTFEQVAVVNRQNSPVSSSGVVQIADANYDAFTGMTDANGQLTVSVTDPNGIGVQTTLRAAAESGDMENTNVTFNVITSPDSAQASMWGNMAETLTASGVTFKRPYLAAEKPGTIGTNVENNETWAMFNQSQAVAMCTVPSSSQLVSLYNLYPLNQIQTVAGWPTMQVYRSSTSAVIGQHFYVYMNTGNYAYNSIGNGDVDGNYNVSCSL
1y8a-A,QGHMFFTDWEGPWILTDFALELCMAVFNNARFFSNLSEYDDYLAYEVRREGYEAGYTLKLLTPFLAAAGVKNRDVERIAELSAKFVPDAEKAMATLQERWTPVVISTSYTQYLRRTASMIGVRGELHGTEVDFDSIAVPEGLREELLSIIDVIASLSGEELFRKLDELFSRSEVRKIVESVKAVGAGEKAKIMRGYCESKGIDFPVVVGDSISDYKMFEAARGLGGVAIAFNGNEYALKHADVVIISPTAMSEAKVIELFMERKERAFEVLSAVSIPETEIYIMENSDFGEVLEKSKRMRVRLRGLAGELGGS
4bfg-A,PLTQVNTTVSVQIGTKALLCCFSIPLTKAVLITWIIKLRGLPSCTIAYKVDTKTNETSCLGRNITWASTPDHSPELQISAVTLQHEGTYTCETVTPEGNFEKNYDLQVLVPPEVTYFPEKNRSAVCEAMAGKPAAQISWSPDGDCVTTSESHSNGTVTVRSTCHWEQNNVSDVSCIVSHLTGNQSLSIEL
1mus-A,SALHRAADWAKSVFSSAALGDPRRTARLVNVAAQLAKYSGKSITISSEGSKAAQEGAYRFIRNPNVSAEAIRKAGAMQTVKLAQEFPELLAIEDTTSLSYRHQVAEELGKLGSIQKASRGWWVHSVLLLEATTFRTVGLLHQEWWMRPDDPADADEKESGKWLAAAATSRLRMGSMMSNVIAVCDREADIHAYLQDKLAHNERFVVRSKHPRKDVESGLYLYDHLKNQPELGGYQISIPQKGVVDKRGKRKNRPARKASLSLRSGRITLKQGNITLNAVLAEEINPPKGETPLKWLLLTSEPVESLAQALRVIDIYTHRWRIEEFHKAWKTGAGAERQRMEKPDNLERMVSILSFVAVRLLQLRESFTPPSQSAETVLTPDECQLLGYLDKGKRKRKEKAGSLQWAYMAIARLGGFMDSKRTGIASWGALWEGWEALQSKLDGFLAAKDLMAQGIKIG
1gy7-B,LDFNTLAQNFTQFYYNQFDTDRSQLGNLYRNESMLTFETSQLQGAKDIVEKLVSLPFQKVQHRITTLDAQPASPYGDVLVMITGDLLIDEEQNPQRFSQVFHLIPDGNSYYVFNDIFRLNYS
3gae-A,GMKVLPVKQYLIMENYNPDTIFNGIVKINSNEKTFDDEILAQIGGALHDIDESWELLLSFANTIRSNWEIKTPAYDIVRLIVKKLPYSSDIKDYIEEGLGNKNITLTMLTVRILVNCFNNENWGVKLLESNQVYKSIFETIDTEFSQASAKQSQNLAIAVSTLIFNYSALVTKGNSDLELLPIVADAINTKYGPLEEYQECEEAAYRLTVAYGNLATVEPTLRQFANSVTWLANIKRSYGNVPRFKDIFDDLS
3fju-B,VRKCLSDTDCTNGEKCVQKNKICSTIVEIQRCEKEHFTIPCKSNNDCQVWAHEKICNKGCCWDLL
1evs-A,GSCSKEYRVLLGQLQKQTDLMQDTSRLLDPYIRIQGLDVPKLREHCRERPGAFPSEETLRGLGRRGFLQTLNATLGCVLHRLADLEQRLPKAQDLERSGLNIEDLEKLQMARPNILGLRNNIYCMAQLLDNASDAFQRKLEGCRFLHGYHRFMHSVGRVFSKW
4mgq-A,QVAYLNSLITDPNATKHVLYIHMGEPKTNNWDRELYVNPTTELQSGKTYTLKLRVKTSAACDVTVWPQGDATQYWPTPSFKSTTEWTTVAQAFEAKSALKQLRFELGTLGGDIWMDDVQLLDPDGNNLIANGTFEENADGWTKPSWHEYEIKTVADPDQ
4j7q-A,KNLINIDKPIKELPASIAIPKEKPLTGEQQKMYDEVLKHFSNPDLKVYTSEKNKSEDDLKPLEEEEKAWLTRECFLRYLRATKWVLKDCIDRITMTLAWRREFGISHLGEEHGDKITADLVAVENESGKQVILGYENDARPILYLKPGRQNTKTSHRQVQHLVFMLERVIDFMPAGQDSLALLIDFKDYPDVPKVPGVGKEVLHILQTHYPERLGKALLTNIPWLAWTFLKLIHPFIDPLTREKLVFDEPFVKYVPKNELDSLYGGDLKFKYNHDVYWPALVETAREKRDHYFKRFQSFGGIVGLSEVDLRGTHEKLLYPVK
5b82-A,ANPEELGKVVTAIEQLDQMRIGLASTLEGGTSEPTLDTFKAVCAPVGKQAKEIAAANGWQVRQVALKYRNPNHAPRTALDVQALNQFDNNHHLQAFWQTDKEGVHYFRRIDVQASCLACHGAKNRRPAFIQEKYPSDRAYGFRVGDLRGMYAVTIPQIQQA
4cpc-G,VQNMLEGVGVDINKALLAKRKRLEMYTKASLKTSNQKIEHVWKTQQDQRQKLNQEYSQQFLTLFQQWDLDMQKAEEQEEKILNMFRQQQKILQQSRIVQSQRLKTIKQLYEQFIKSMEELEKNHDNLLTGAQNEFKKEMAMLQKKIMMETQQ
5ah1-A,IKIPTLEDIDNLIDSAEEVKSEEDINKMPPLKFPVEFPEVNTRSIIGGNNYPIVLVHGFMGFGRDELLGYKYWGGVVDLQEKLNASGHETYTATVGPVSSNWDRACELYAYIVGGTVDYGEAHAKKFKHNRYGRTYPGIYKNISNENKIHLIGHSMGGQTIRTLTQLLSEGSEEEINCGQENISPLFEGGKHWIHSVSTISTPNDGTTLSDLMPAKDLISYTFGVLGTITGKNKLFSSIYDLKLDQWGLKKQNGESQRDYIERVLDSNIWNSTKDIATYDLSTEGAQELNTWVKAQPDVYYFSWTTQATKESILTGHSVAQIGPMNPIFYPTANLMGRYSRNQKDLPIIDKKWFPNDGVVNCISQDGPKLGSNDVIEQYNGGVKIGQWNAMPRIINTDHMDIVGTFGNVKDWYMDYASFLSNLSRAL
3dyd-B,WSVRPSDVKPNPNKTMISLSIGDPTVFGNLPTDPEVTQAMKDALDSGKYNGYAPSIGFLSSREEIASYYHCPEAPLEAKDVILTSGCSQAIDLCLAVLANPGQNILVPRPGFSLYKTLAESMGIEVKLYNLLPEKSWEIDLKQLEYLIDEKTACLIVNNPSNPCGSVFSKRHLQKILAVAARQCVPILADEIYGDMVFSDCKYEPLATLSTDVPILSCGGLAKRWLVPGWRLGWILIHDRRDIFGNEIRDGLVKLSQRILGPCTIVQGALKSILCRTPGEFYHNTLSFLKSNADLCYGALAAIPGLRPVRPSGAMYLMVGIEMEHFPEFENDVEFTERLVAEQSVHCLPATCFEYPNFIRVVITVPEVMMLEACSRIQEFCEQHYHC
2bm5-A,MQQWVDCEFTGRDFRDEDLSRLHTERAMFSECDFSGVNLAESQHRGSAFRNCTFERTTLWHSTFAQCSMLGSVFVACRLRPLTLDDVDFTLAVLGGNDLRGLNLTGCRLRETSLVDTDLRKCVLRGADLSGARTTGARLDDADLRGATVDPVLWRTASLVGARVDVDQAVAFAAAHGLCLAGG
2fef-B,LTLDNRLAEALPLWRNLARTDRAPRRNIDLADWKADWRELIAALDRFSRSHGYRQPFAAQGHAALENAWAWGQAAENASTLLLKAIDRGLAGAELRSIYLETAALWLDYSRLLGAARDSLREQGETAPALAPRTGQYPFALQLLAGVLLDAQELIPALVEEVLQFDTDRLLDYLGAAALGLTSASEETFHPRPFGQLRAFFEEADGSDAQALAPYLQSQYREFFQLSPKAQKKTRRLTGPYAWGWWAEVSALGVLYGWDDGVLRASPHYLGDLVDYARARGD
2yby-A,ALKPCEFPQFKYGRLYYEESLRPNFPVSIGNKYSYKCDNGFSPPSGYSWDYLRCTAQGWEPEVPCVRKCVFHYVENGDSAYWEKVYVQGQSLKVQCYNGYSLQNGQDTMTCTENGWSPPPKCI
1vyi-A,WSATNEEDDLSVEAEIAHQIAESFSKKYKFPSRSSGIFLYNFEQLKMNLDDIVKEAKNVPGVTRLAHDGSKIPLRCVLGWVALANSKKFQLLVEADKLSKIMQDDLNRYTS
3pro-D,QVDPQLKFAMQRDLGIFPTQLPQYLQTEKLARTQAAAIEREFGAQFAGSWIERNEDGSFKLVAATSGARKSSTLGGVEVRNVRYSLKQLQSAMEQLDAGANLDGVQSWYVDPRSNAVVVKVDDGATDAGVDFVALSGADSAQVRIESSPGKL
2fiu-B,AKGYWIAQVDVRDSERYKDYVSTAKPAFERFGANFLARGGSVTELEGTARARNVVIEFPSVQHAIDCYNSPEYQAAAKIRQEVADAEIVEGIG
5c98-A,DDAIVAANNKFTLEYFKACYDEKCNCAVSPYHVRLALSMFYPLAGAAVQEDFQVAFGLPEDVHAAIEQQQRLAQQLHDGQHLKALSFVLVEETLRLDSEFERLFHRTFQTTVEPVDLTDDIPSALAVNSFYQRANTEIEDFIGEGDVFSLPPCHKLMLFSGVSVLTPLAIRFNPADTALELFQFINAPTQRVSTMHTTAFVRRCLHNELRCKVVDMPFDAASGLSMLVLLPYDGTELRQIVNSITPAHLAQIDERLQSCWTDLKLPKFFVREKTDPKQTLGKLGYGGVFEIDDLHVFHDSGRTRLNGFIQHCYLAVSESGSSEFEFHANRPFMFLIRRTMDGNVLQVGNFSKYIDPDEQ
2php-E,YINKEKVIKNLSYAIYLLKKNFTLIPEVGSNIAESLPFPKDFKDVAALTGRIIKNKLGGFYIVGDIEFGASEHIAKIILSASKFNPEIRACNIKYDGGLIKLLKDKFAVSSFDRKEEPPNVSTEWGTKIACEKFGGVPDIIYDRGGEGKEPIRVLGRDAIEVVKKVEVIQKIYNTLEGH
4cii-A,GEEDALNIKKAAIALRGDLALLKANFEANELFFISEDVIFKTYMSSPELLLTYMKINPLDQNTAEQQCGISDKVLVLYCEGKLKIEQEKQNIRERLETSLKAYQSNIGGTASLITASQTLVESLKNKNFIKGIRKLMLAHNKVFLNYLEELDALERSLEQSKRQYLQERQSSKIIVKLEH
3mxm-B,LPHGHMQTLIFLDLEATGLPSSRPEVTELCLLAVHRRALENTSISQGHPPPVPRPPRVVDKLSLCIAPGKACSPGASEITGLSKAELEVQGRQRFDDNLAILLRAFLQRQPQPCCLVAHNGDRYDFPLLQTELARLSTPSPLDGTFCVDSIAALKALEQASSPKSYSLGSIYTRLYWQAPTDSHTAEGDDLTLLSICQWKPQALLQWVDEHARPFSTVKPMYG
3iib-A,SDDINQKVAEQLAQKAQSSSLGYDIVESLTVEVGPRLAGSEQDKVAVDWAIAKLQSLGFDRVYKEPVTVPVWRRGIAKASILSPFPQPLVVTALGGSIATPAQGLSATIVRFDTLQDLQNAEAGSLNDKIAFIDAKTERHRDGKGYGQTASGRSRGAVAAAEKGAVGIIIRSIGTDHDRAHTGRYEEGVTAIPAAAISNPDADLINALKRDKEVVISLELGSERRGETTSYNVIAEVKGSTKADEIVLIGAHLDSWDEGTGAIDDGAGVAIVTAAAKHILDLPQKPERTIRVVLYAAEELGLLGGKTYAKEHEAELEKHYIAAESDFGAGPIYQIDWRVADTAHSPVINAKVAEPLGVAAGNNKASGGPDVSLPALGVPVASLRQDGSDYFDYHHTPNDTLDKINPEALAQNVAVYAQFAWVANSKVELRPLPPK
3n6y-A,GAQAEVRIDGPIEYGVFESRSEQNIQQTTEVPAKLGTKFGRYQLSGKQEGDTPLTLLYLTPGVVTPDGQRHDKFEVVQKLVPGAPTDVAYEFTEPHEVVKGEWRLVFQGDRLLAEKSFDVR
3bc8-A,EARRAHEHLIRLLLEQGKCPEDGWDESTLELFLHELAVMDSNNFLGNCGVGEREGRVASALVARRHYRFIHGIGRQPKAAGSSLLNKITNSLVLNVIKLAGVHSVASCFVVPMATGMSLTLCFLTLRHKRPKAKYIIWPRIDQKSCFKSMVTAGFEPVVIENVLEGDELRTDLKAVEAKIQELGPEHILCLHSTTACFAPRVPDRLEELAVICANYDIPHVVNNAYGLQSSKCMHLIQQGARVGRIDAFVQSLDNFMVPVGGAIIAGFNEPFIQDISKMYPGRASASPSLDVLITLLSLGCSGYRKLLKERKEMFVYLSTQLKKLAEAHNERLLQTPHNPISLAMTLKTIDGHHDKAVTQLGSMLFTRQVSGARAVPLGNVQTVSGHTFRGFMSHADNYPCAYLNAAAAIGMKMQDVDLFIKRLDKCLNIVRKEQTR
1he1-B,ASSAVVFKQMVLQQALPMTLKGLDKASELATLTPEGLAREHSRLASGDGALRSLSTALAGIRAGSQVEESRIQAGRLLERSIGGIALQQWGTTGGAASQLVLDASPELRREITDQLHQVMSEVALLRQAVESEVS
1dmg-A,AQVDLLNVKGEKVGTLEISDFVFNIDPNYDVMWRYVDMQLSDWSKKLNKKMKKLALRSALSVKYRENKLLVLDDLKLERPKTKSLKEILQNLQLSDKKTLIVLPWKEEGYMNVKLSGRNLPDVKVIIADNPNNSKNGEKAVRIDGLNVFDMLKYDYLVLTRDMVSKIEEVLG
2o70-D,DINVVNALAYEDFVKLFGNVVEKCPLISAAIWSYRPFKDLADIEARISEFIHSLPDSGKEGILRCHPDLAGRDLQSGTLTPESQEEQSQAGMTTLDSAEIVHMYRLNSEYKERFGFPFVICARLNNKADIVRQLSERLKNRRTAELECAIEEVKKICSLRLHSI
3igq-E,MVSPPPPIADEPLTVNTGIYLIECYSLDDKAETFKVNAFLSLSWKDRRLAFDPVRSGVRVKTYEPEAIWIPEIRFVNVENARDADVVDISVSPDGTVQYLERFSARVLSPLDSQTLHIYLIVRSVDTRNIVLAVDLEKVGKNDDVFLTGWDIESFTAVVKPANFALLESKLDYQLRISRQ
1kq6-A,GDTFIRHIALLGFEKRFVPSQHYVYFLVKWQDLSEKVVYRRFTEIYEFHKTLKEFPIEAGAINPENRIIPHLPAPKWFDGQRAAENRQGTLTEYCSTLSLPTKISRCPHLLDFFKVRPDDLKLPTDNQTKKPETYL
1hx8-A,QGLAKSVCKATTEECIGPKKKHLDYLVHCANEPNVSIPHLANLLIERSQNANWVVVYKSLITTHHLMAYGNERFMQYLASSNSTFNLSSFLDKGTGGMGVPGGRMGYDMSPFIRRYAKYLNEKSLSYRAMAFDFCKVEGSLRSMNAEKLLKTLPVLQAQLDALLEFDCQSNDLSNGVINMSFMLLFRDLIRLFACYNDGIINLLEKYFDMNKKHARDALDLYKKFLVRMDRVGEFLKVAENVGIDKGDIPDLTKAPSSLLDALEQHLATL
1h6g-A,DLRRQLRKAVDHVSDSFLETNVPLLVLIEAAKNGNEKEVKEYAQVFREHANKLIEVANLACSISNNEEGVKLVRSASQLEALCPQVINAALALAAKPQSKLAQENDLFKEQWEKQVRVLTDAVDDITSIDDFLAVSENHILEDVNKCVIALQEKDVDGLDRTAGAIRGRAARVIHVVTSEDNYEPGVYTEKVLEATKLLSNTVPRFTEQVEAAVEALSSDPAQPDENEFIDASRLVYDGIRDIRKAVL
5aox-D,PQYQTWEEFSRAAEKLYLADPMKARVVLKYRHSDGNLCVKVTDDLVSLVYKTDQAQDVKKIEKFHSQLMRLMV
5k8c-A,GHMSFKNFKVVEKMIFGRGSFVQLDDVLAAQRKADDDFVVFLVDDVHQGKPLEARIPVKAQDLLIWVNVDEEPSTIQIDALTEQVQAFNGKLPVSVVGLGGGSTMDVAKAVSLMLTNPGGSAMYQGWDLIKKPAVHHIGIPTISGTGAEASRTAVLCGPVRKLGLNSDYTVFDQIIMDSELIDGVETDQWFYTGMDCYIHCVESLEGTFLNEFSKAYAEKAMDLCRQVYLEDHPEKDDKLMMASFMGGMSIAYSQVGACHAVSYGLSYILGYHHGIGNCIAFDVLEEFYPEGVAEFRLMMKKHNITLPKNICKDLPDETIAKMVAVTKSMGPLWANVYGPTWEEKVTDEMLTALFRRI
3ggd-A,EKLSAIKKPDINVADAWEQYWNKTLVNSTPVLWDANVERAVVVDLPRFELLFNPELPLIDFACGNGTQTKFLSQFFPRVIGLDVSKSALEIAAKENTAANISYRLLDGLVPEQAAQIHSEIGDANIYRTGFHHIPVEKRELLGQSLRILLGKQGAYLIELGTGCIDFFNSLLEKYGQLPYELLLVEHGIRPGIFTAEDIELYFPDFEILSQGEGLFQSIHKLPDGNYATPPAFWAVIKHR
3k1h-A,FSRDMKNINESVGALQVLQIACKKLFNKSMGLEDKDALQASIIKQELREIVENCQFLASPLFDTQLNIAINDEIFSMIVVNPLDLLENVGEFQAYLEEKLNEIKELLGYLSESLS
4aiv-A,DIQVWTTACAYDHLIPGRGVGVLLDDGSQVALFRLDDGSVHAVGNVDPFSGAAVMSRGIVGDRGGRAMVQSPILKQAFALDDGSCLDDPRVSVPVYPARVTPEGRIQVARVAV
4p3h-A,GLYVGGFVDVVSCPKLEQELYLDPDQVTDYLPVTEPLPITIEHLPETEVGWTLGLFQVSHGIFCTGAITSPAFLELASRLADTSHVARAPVKNLPKEPLLEILHTWLPGLSLSSIHPRELSQTPSGPVFQHVSLCALGRRRGTVAVYGHDAEWVVSRFSSVSKSERAHILQHVSSCRLEDLSTPNFVSPL
5a0l-B,TVPNFKSPDPDYPWYGYDSYRGIFARYHNLKVNLKGSKEYQAYCFNLTKYFPRPTYSTTNNFYKKIDGSGSAFKSYAANPRVLDENLDKLEKNILNVIYNGYKSNANGFMNGIEDLNAILVTQNAIWYYSDSAPLNDVNKMWEREVRNGEISESQVTLMREALKKLIDPNLEATAANKIPSGYRLNIFKSENEDYQNLLSAEYVP
3t2c-A,MRVTVSIIKADVGGFPGHAHVHPKMLEYAAAKLKEAQKRGVIIDYFVYNVGDDISLLMTHTKGEDNKDIHGLAWETFKEVTDQIAKRFKLYGAGQDLLKDAFSGNIRGMGPQVAEMEFEERPSEPIIAFAADKTEPGAFNLPLYKMFADPFTTAGLVIDPSMHEGFIFEVLDVVEHKVYLLKTPEDAYSLLGLIGTTGRYIIRKVFRRADGAPAAANSVERLSLIAGRYVGKDDPVLLVRAQSGLPAVGEVLEAFAHPHLVHGWMRGSHAGPLMPARFISVDPERRIAIGPKMTRFDGPPKVGALGFQLHEGYLEGGVDLFDDPAFDYVRQTAAQIADYIRRMGPFQPHRLPPEEMEYTALPKILAKVKPYPADQYEKDRKKYIEAVVK
1ua7-A,PSIKSGTILHAWNWSFNTLKHNMKDIHDAGYTAIQTSPINQVKEGNQGDKSMSNWYWLYQPTSYQIGNRYLGTEQEFKEMCAAAEEYGIKVIVDAVINHTTFDYAAISNEVKSIPNWTHGNTQIKNWSDRWDVTQNSLLGLYDWNTQNTQVQSYLKRFLERALNDGADGFRFDAAKHIELPDDGSYGSQFWPNITNTSAEFQYGEILQDSASRDAAYANYMDVTASNYGHSIRSALKNRNLGVSNISHYASDVSADKLVTWVESHDTYANDDEESTWMSDDDIRLGWAVIASRSGSTPLFFSRPEGGGNGVRFPGKSQIGDRGSALFEDQAITAVNRFHNVMAGQPEELSNPQGNNQIFMNQRGSHGVVLANAGSSSVSINTATKLPDGRYDNKAGAGSFQVNDGKLTGTINARSVAVLYPD
1jay-A,MRVALLGGTGNLGKGLALRLATLGHEIVVGSRREEKAEAKAAEYRRIAGDASITGMKNEDAAEACDIAVLTIPWEHAIDTARDLKNILREKIVVSPLVPVSRGAKGFTYSSERSAAEIVAEVLESEKVVSALHTIPAARFANLDEKFDWDVPVCGDDDESKKVVMSLISEIDGLRPLDAGPLSNSRLVESLTPLILNIMRFNGMGELGIKFL
3ba3-A,DISLLKQVVQSTNKIALSTAVNNEADVKIVNFVWYEAQPDTLYFSSVKTSPALKVYDQNPDIAFITIPNDGTAGNPYLRAQHVKLQRSTKTTDLLPQYLETVPNYQQVWDAIGSTLVVFELKLTDLFVDAGVGGEKQTLTF
3v9w-C,AQLTGLCDRFRGFYPVVIDVETAGFNAKTDALLEIAAITLKMDEQGWLMPDTTLHFHVEPFVGANLQPEALAFNGIDPNDPDRGAVSGYEALHEIFKVVRKGIKASGCNRAIMVAHNANFDHSFMMAAAERASLKRNPFHPFATFDTAALAGLALGQTVLSKACQTAGMDFDSTQAHSALYDTERTAVLFCEIVNRWKRLGGWPLS
4rhs-A,EWTGDNTNAYYSDEVISELHVGQIDTSPYFCIKTVKANGSGTPVVACAVSKQSIWAPSFKELLDQARYFYSTGQSVRIHVQKNIWTYPLFVNTFSANALVGLSSCSATQCFGPK
3emf-B,TPVTNKLKAYGDANFNFTNNSIADAEKQVQEAYKGLLNLNEKNALLVEDNTAATVGNLRKLGWVLSSKNGTRNEKSQQVKHADEVLFEGKGGVQVTSTSENGKHTITFAL
3fcn-A,EHKTYEADLFVWCQQQADGLRALSRSRRDLPDDLDLEHIAEEIEDGRSELREATSLVRQICVRVIASAPEAPDRARWRSEVVSWHNLLLDTITPGIDRIDIGVIWRRAVSEAKAALIEINVAPQAGLSFQAPLPADHFLDEDFDYDATVARLGP
3ceu-B,KLIVVTTPTFFVEEDKIITALFEEGLDILHLRKPETPAYSERLLTLIPEKYHRRIVTHEHFYLKEEFNLGIHLNARNPSEPHDYAGHVSCSCHSVEEVKNRKHFYDYVFSPIYSTYTAEELREAQKAKIIDSKVALGGINEDNLLEIKDFGFGGAVVLGDLWNKFDACLDQNYLAVIEHFKKLKKLADLEHH
4irv-G,GPNIQKLLYQRTTIAAETI
2fy7-A,RGSASLPACPEESPLLVGPMLIEFNMPVDLELVAKQNPNVKMGGRYAPRDCVSPHKVAIIIPFRNRQEHLKYWLYYLHPVLQRQQLDYGIYVINQAGDTIFNRAKLLNVGFQEALKDYDYTCFVFSDVDLIPMNDHNAYRCFSQPRHISVAMDKFGFSLPYVQYFGGVSALSKQQFLTINGFPNNYWGWGGEDDDIFNRLVFRGMSISRPNAVVGTTRHIRNPQRFDRIAHTKETMLSDGLNSLTYQVLDVQRYPLYTQITVDIGTPS
4y9t-A,TKGVYYLVPTLLDEFQTGSVNALSFLGQVGYEKTLNADNKTDAQQSQNDVIALKPAAIILAAVDFNALKPSIEAARAAGIPVVEFDRQITSTPSDFTSVAGTVEIGHIAGDHAISLLKGKNGDVKGKILQVPGDPGDPYTLDIQKGFEEKIKAFPGVKIISVPAVQWEASAAGTIVSDQLANPDIDLIFLHAAHLSVAAVASLEAAGKKPGDVLSSNGAPVGLDLIRKGWLNVEVEQPLYAQAAAIAFDKVVGKKPIKAGDYDVLGLKSVVTETWGPNIKIPGSAITKENVDNPSFWGNLKPPTAAIKSVE
2ynm-C,LGSPEFMSGSTLLKETGPREVFCGLTSIVWLHRRMPDAFFLVVGSRTCAHLIQSAAGVMIFAEPRFGTAILEERDLAGLADAHEELDRVVKSLLKRRPEIRTLFLVGSCPSEVIKIDLSRAAERLSSQFNGQVRILNYSGSGIETTFTQGEDGALKALVPLMPSSQEEQLLLAGTLANPVEDRLKTIFNRLGIQKVESFPPRESTKLPAIGPGTKVLLAQPYLTDTARELKDRGAEILQAPFPLGVEGSQLWIEAAANAFKIKKTLVDATLEPLITRAHKALKPYVEQLSGKKLFLLPESQLEIPLARFLSNECGMKLIEVGVPYLNREMMGPELDLLPQNTRIVEGQHVEKQLDRVREHHPDLVVCGMGLANPLEAEGISTKWSIEMVFSPIHGIDQASDLAELFARPLHRQNLLN
2fd4-A,KLAALDPIASQFSQLRTISKALGFKDAADDVTHCLFGGELSLSNPDQQVIGLAGNPTDTSQPYSDLAFMDMKKLAQFLAGKPEHPMTRETLNAENIAKYAFRIVP
1ufi-D,HMPVPSFGEAMAYFAMVKRYLTSFPIDDRVQSHILHLEHDLVHVTR
4d2k-B,GKRPLKIWDSWRNVRKGVVVGTFEELLVRGKDKLGVPASEPVRVVLECDGTQIEDGEYFRTLANNTVLLLLRQGERWLEH
1u02-A,SLIFLDYDGTLVPIINPEESYADAGLLSLISDLKERFDTYIVTGRSPEEISRFLPLDINICYHGACSKINGQIVYNNGSDRFLGVFDRIYEDTRSWVSDFPGLRIYRKNLAVLYHLGLGADKPKLRSRIEEIARIFGVETYYGKIIELRVPGVNKGSAIRSVRGERPAIIAGDDATDEAAFEANDDALTIKVGEGETHAKFHVADYIERKILKFIELGVQKK
4h0c-A,SNAYTHSKQIITSGVPVQRAKKAVVLHGRGGTAADIISLQKVLKLDEAIYAPQATNNSWYPYSFAPVQQNQPALDSALALVGEVVAEIEAQGIPAEQIYFAGFSQGACLTLEYTTRNARKYGGIIAFTGGLIGQELAIGNYKGDFKQTPVFISTGNPDPHVPVSRVQESVTILEDNAAVSQVVYPGRPHTISGDEIQLVNNTILK
4l9o-B,TQFPIFHWCRGGKALSMLPKFKVEINIVGGSVTIGNAHDDLIHDAVLDYYGRRLATCSSDKTIKIFEIDGENQRLVETLIGHEGPVWQVAWAHPKFGVILASCSYDGKVLIWKEDNGVWNKVAEHSVHQASVNSVSWAPHEYGPVLLCASSDGKISIVEFGALEPIVIQGHAIGVNAASWAPISNTRRFVSGGCDNLVKIWRYDDAAKTFIEEEAFQGHSDWVRDVAWSPSRLSKSYIATASQDRTVLIWTKDGKSNKWEKQPLTKEKFPDVCWRASWSLSGNVLAISGGDNKVTLWKENIQGKWESAGEV
1ryp-N,TQQPIVTGTSVISMKYDNGVIIAADNLGSYGSLLRFNGVERLIPVGDNTVVGISGDISDMQHIERLLKDLVTENAYDNPLADAEEALEPSYIFEYLATVMYQRRSKMNPLWNAIIVAGVQSNGDQFLRYVNLLGVTYSSPTLATGFGAHMANPLLRKVVDRESDIPKTTVQVAEEAIVNAMRVLYYRDARSSRNFSLAIIDKNTGLTFKKNLQVENMKWDFAKDIKGYGTQKI
2oy9-B,ISLDWSTEEVIDVVHFFQAIEQAYDQGIAREDLLGKYRRFKEIVPSKSEEKQLFRAYEQENDVSCYQTIKKAREEEEHIQ
1h2c-A,VSSAFILEAMVNVISGPKVLMKQIPIWLPLGVADQKTYSFDSTTAAIMLASYTITHFGKATNPLVRVNRLGPGIPDHPLRLLRIGNQAFLQEFVLPPVQLPQYFTFDLTALKLITQPLPAATWT
2vx8-B,STPEVKPLKSLLGDSAPTLHLNKGMAILFAVVARGTTILAKHAWCGGNFLEVTEQILAKIPSENNKLTYSHGNYLFHYICQDRIVYLCITDDDFERSRAFSFLNEVKKRFQTTYGSRAQTALPYAMNSEFSSVLAAQL
5hjq-A,ALRSYTEIQQLLQQGKKRDVKNILRENSWPINSPIRAQLWPMLCGQHLDGFYWEMVHQVFGTTELSEKPIMLPAFVDATHCLPYHLTSTGRAVADRIVNVLGYDCPDITYSPVLYPITSILLHFMSEEEAYICLAGLVGSKEKVFINQTKLQHEVTWKTVMQIAKKHTKSATSYFQRICPGLKLERIFMDWCWWILAGLPFQHLVRIMDCYFHEGIKVLYRVALVILNLFHKECQSNNEWSPDNIKNDIGNALIKFCKKIPVSPAKLLHAAFSIRGLSTQYISR
2euc-A,QYFSPEQQYNAWIVSDLVKQIFHKRAGCSPGIHELAVFAEEHFHIDIDFVFSIINIGDIEFALTDEIEKKLSGYLSTLLPYVTADFETSKANAHAFLSAAYHLFV
3dnh-B,APPVITPRGAPFEAVRVARDVLHTSRTAALATLDPVSGYPYTTATNIGIEPDGTPFFFAAGLTLHARNETDARISVTLAPFGKGDALTLPRLTLVGRADRIGPDEVPLAIARYIARYPKAKLYLSLPDTRLYRLRTEGVQINGNITPADLRTDLSGAEELAAAESEATRLNAIKGEASRLAVLAGAKTGRWKITSIDPDGIDLASASDLARLWFAERVETLKQFEKALAQL
2xom-A,SRNYLKNPGFETGEFSPWRVSGDKKAVKVVKANPSSNAHQGEYAVNFWLDESFSFELSQEVELPAGVYRVGFWTHGEKGVKIALKVSDYGGNERSVEVETTGWLEWKNPEIRNIKVETGRIKITVSVEGRAGDWGFIDDFYLFRE
3l9f-C,MQGKDIILGILSKKERSGYEINDILQNQLSYFYDGTYGMIYPTLRKLEKDGKITKEVVIQDGRPNKNIYAITESGKKELASYLQSDVNDEIFKSDFLMRLFFGNSLNDDDLEQLIREEIERKEEKIKRLSENLEIWKKKGELTPTQEITIKYGLAQYKSTKKVLEEELAK
1rsg-B,KKKVIIIGAGIAGLKAASTLHQNGIQDCLVLEARDRVGGRLQTVTGYQGRKYDIGASWHHDTLTNPLFLEEAQLSLNDGRTRFVFDDDNFIYIDEERGRVDHDKELLLEIVDNESKFAELEFHQHLCSFFQLVKYLLQRRQFLTNDQIRYLPQLCRYLELWHGLDWKLLSAKDTYFGHQGRNAFALNYDSVVQRIAQSFPQNWLKLSCEVKSITREPSKNVTVNCEDGTVYNADYVIITVPQSVLNLSVQPEKNLRGRIEFQPPLKPVIQDAFDKIHFGALGKVIFEFEECCWSNESSKIVTLANSTNEFVEIVRNAENLDELDSLERETSVTCWSQPLFFVNLSKSTGVASFLQAPLTNHIESIREDKERLFSFFQPVLNKIKCLDSEDVIDGRPIENIANANKPVLRNIIVSNWTRDPYSRGAYSACFPVDVVASNGQDSRIRFAGEHTIDGAGCAYGAWESGRREATRISDLLKLEH
3e1i-A,QLLQKNVRAQLVDMKRLEVDIDIKIRSCRGSCSRALAREVDLKDYEDQQKQLEQVIA
4qpn-A,ADSYSEKSQFCFCGHVLTITQNFGSRLGVAARVWDAALSLCNYFESQNVDFRGKKVIELGAGTGIVGILAALQGGDVTITDLPLALEQIQGNVQANVPAGGQAQVRALSWGIDHHVFPANYDLVLGADIVYLEPTFPLLLGTLQHLCRPHGTIYLASKMRKEHGTESFFQHLLPQHFQLELAQRDEDENVNIYRARHREPRPA
5h0m-A,NDKEYDKHKRNQQARAFYHSREWERTRLAVLAKDNYLCQHCLKEKKITRAVIVDHITPLLVDWSKRLDMDNLQSLCQACHNRKTAEDKRRYG
3woz-B,RQTEDVAEVLNRCASSNWSERKEGLLGLQNLLKNQRTLSRIELKRLCEIFTRFADPHGKVFSFLETLVDFIQVHKDDLQDWLFVLLTQLLKKGADLLGSVQAKVQKALDITRESFPNDLQFNILRFTVDQTQTPSLKVKVAILKYIETLAKQDPRDFTNSSETRLAVSRVITWTTEPKSSDVRKAAQSVLISLFELNTPEFTLLGALPKTFQDGATKLLHNHL
