1uj8-A;SHHHHHHGSGLKWTDSREIGEALYDAYPDLDPKTVRFTDMHQWICDLEDFDDDPQASNEKILEAILLVWLDEA
1ujc-A;MQVFIMRHGDAALDAASDSVRPLTTNGCDESRLMANWLKGQKVEIERVLVSPFLRAEQTLEEVGDCLNLPSSAEVLPELTPCGDVGLVSAYLQALTNEGVASVLVISHLPLVGYLVAELCPGETPPMFTTSAIASVTLDESGNGTFNWQMSPCNLK
1ukf-A;SLSDFSVASRDVNHNNICAGLSTEWLVMSSDGDAESRMDHLDYNGEGQSRGSERHQVYNDALRAALSNDDEAPFFTASTAVIEDAGFSLRREPKTVHASGGSAQLGQTVAHDVAQSGRKHLLSLRFANVQGHAIACSCEGSQFKLFDPNLGEFQSSRSAAPQLIKGLIDHYNSLNYDVACVNEFRVSV
1ukk-B;PVRKAKAVWEGGLRQGKGVELQSQAFQGPYSYPSRFEEGEGTNPEELIAAAHAGFSALAASLEREGFPPKRVSTEARVHLEVVDGKPTLTRIELLTEAEVPGISSEKFLEIAEAAKEGCPVSRALAGVKEVVLTARLVPVRKAKAVWEGGLRQGKGVELQSQAFQGPYSYPSRFEEGEGTNPEELIAAAHAGFSALAASLEREGFPPKRVSTEARVHLEVVDGKPTLTRIELLTEAEVPGISSEKFLEIAEAAKEGCPVSRALAGVKEVVLTARLV
1u02-A;SLIFLDYDGTLVPIINPEESYADAGLLSLISDLKERFDTYIVTGRSPEEISRFLPLDINICYHGACSKINGQIVYNNGSDRFLGVFDRIYEDTRSWVSDFPGLRIYRKNLAVLYHLGLGADKPKLRSRIEEIARIFGVETYYGKIIELRVPGVNKGSAIRSVRGERPAIIAGDDATDEAAFEANDDALTIKVGEGETHAKFHVADYIERKILKFIELGVQKK
1u07-B;ASGPRALSRNQPQYPARAQALRIEGQVKVKFDVTPDGRVDNVQILSAKPANMFEREVKNAMRRWRYEPGKPGSGIVVNILFKINGTTEIQGPRALSRNQPQYPARAQALRIEGQVKVKFDVTPDGRVDNVQILSAKPANMFEREVKNAMRRWRYEPGKPGSGIVVNILFKINGTTEIQ
1unq-A;SMSDVAIVKEGWLHKRGEYIKTWRPRYFLLKNDGTFIGYKERPQDVDQREAPLNNFSVAQCQLMKTERPRPNTFIIRCLQWTTVIERTFHVETPEEREEWTTAIQTVADGLKKQEEEE
1uoy-A;DTCGSGYNVDQRRTNSGCKAGNGDRHFCGCDRTGVVECKGGKWTEVQDCGSSSCKGTSNGGATC
1u0s-A;GKRVLIVDDAAFMRMMLKDIITKAGYEVAGEATNGREAVEKYKELKPDIVTMDITMPEMNGIDAIKEIMKIDPNAKIIVCSAMGQQAMVIEAIKAGAKDFIVKPFQPSRVVEALNKVSGFKTFYIKVILKEGTQLKSARIYLVFHKLEELKCEVVRTIPSVEEIEEEKFENEVELFVISPVDLEKLSEALSSIADIERVIIKEV
1u14-A;AHQVISATTNPAKIQAILQAFEEIFGEGSCHITPVAVESGVPEQPFGSEETRAGARNRVDNARRLHPQADFWVAIEAGIDDDATFSWVVIDNGVQRGEARSATLPLPAVILDRVRQGEALGPVSQYTGIDEIGRKEGAIGVFTAGKLTRSSVYYQAVILALSPFHNA
